representation	gene_id	transcript_id	seqid	gene_span_bp	gene_repeat_pct	intron_count	intron_bp	intron_repeat_bp	intron_repeat_pct	longest_intron_bp	longest_intron_repeat_pct	longest_intron_repeat_majority	longest_intron_highly_repeat_laden	cds_bp	cds_repeat_pct	complete_start_stop_proxy
Cai Flye–HyPo	g7569	g7569.t3	contig_20606	384367	75.12299442980277	67	371782	288426	77.5793341259125	24654	79.47189097103919	True	True	12585	2.55860150973381	1
Cai min1250	g1854	g1854.t3	JAEQBI010000004.1	380282	73.62694000767851	67	367640	279603	76.05347622674356	24619	79.86514480685649	True	True	12642	3.0612244897959098	1
Cai Flye–HyPo	g15967	g15967.t3	contig_5993	334677	83.3941382287997	32	330111	279101	84.5476218605257	45073	87.9306902136534	True	True	4566	0.0	1
Cai min1250	g6889	g6889.t1	JAEQBI010000019.1	373829	74.31445928486019	66	365798	277722	75.92223030196993	38418	72.41917851007341	True	False	8031	1.0833022039596498	1
Cai fixed-on-Guo	g7690	g7690.t3	JAREIK010001563.1	389973	71.04953419852144	71	377196	276568	73.3220924930275	24680	76.89222042139384	True	True	12777	3.96024105815136	1
Cai fixed-on-Guo	g1143	g1143.t3	JAREIK010000185.1	335244	81.63934328429441	34	330657	273691	82.77187538748613	45181	89.24990593391027	True	True	4587	0.0	1
Guo published	g1117	g1117.t5	JAREIK010000185.1	336672	80.91257960269937	34	331782	272373	82.09396531457402	45179	92.2707452577525	True	True	4890	0.75664621676891	1
Guo published	g7508	g7508.t3	JAREIK010001563.1	384753	70.83999345034346	68	372279	272263	73.13412789869963	24677	71.8604368440248	True	False	12474	2.37293570626903	1
Cai Flye–HyPo	g7189	g7189.t2	contig_19967	330345	80.85970727572689	30	324540	267106	82.30295187033956	37290	85.87288817377313	True	True	5805	0.17226528854435	1
Cai min1250	g8353	g8353.t4	JAEQBI010000027.1	331048	77.21720113095381	32	326440	255619	78.30504840093126	45319	91.47818795648625	True	True	4608	0.15190972222222	1
Guo published	g7893	g7893.t3	JAREIK010001701.1	337241	75.42321366619123	32	331268	254358	76.78314838740839	37273	80.81989643978214	True	True	5973	0.0	1
Cai fixed-on-Guo	g8062	g8062.t1	JAREIK010001701.1	333957	76.06368484565378	29	328038	254020	77.4361506898591	37272	83.0033268941833	True	True	5919	0.0	1
Guo published	g7210	g7210.t1	JAREIK010001532.1	312016	81.16186349417978	20	309127	253238	81.92037576788827	53839	90.98237337246235	True	True	2889	0.0	1
Cai fixed-on-Guo	g11163	g11163.t1	JAREIK010002602.1	302540	81.56309909433463	18	300347	246682	82.13233360080174	59654	85.73943071713548	True	True	2193	3.6023711810305503	1
Guo published	g7261	g7261.t1	JAREIK010001538.1	302753	80.24131883086211	27	297023	242870	81.76807856630631	47477	86.20173978979295	True	True	5730	1.09947643979057	1
Guo published	g10916	g10916.t1	JAREIK010002602.1	302536	79.92040616653885	18	300343	241788	80.50395714233393	59654	79.74318570422771	True	True	2193	0.0	1
Cai fixed-on-Guo	g7418	g7418.t2	JAREIK010001538.1	302755	79.40512956020544	27	297055	240322	80.90151655417347	47479	87.70403757450663	True	True	5700	1.42105263157894	1
Cai min1250	g12831	g12831.t1	JAEQBI010000096.1	300112	80.00713067121607	28	294520	240028	81.4980306940106	47546	87.6708871408741	True	True	5592	1.4842632331902699	1
Cai fixed-on-Guo	g12449	g12449.t1	JAREIK010002869.1	298826	79.55934222591074	30	295391	237689	80.46589097162745	41824	82.96193573068095	True	True	3435	1.60116448326055	1
Cai Flye–HyPo	g9263	g9263.t3	contig_22377	279628	82.37444032786416	32	275434	230335	83.6262044627751	30051	91.73072443512696	True	True	4194	0.16690510252742	1
Cai fixed-on-Guo	g4065	g4065.t2	JAREIK010000801.1	284876	80.85553012538789	31	280235	230332	82.19244562599248	30036	90.94420029298176	True	True	4641	0.12928248222365	1
Cai fixed-on-Guo	g12186	g12186.t1	JAREIK010002838.1	301355	76.336214763319	27	297929	230043	77.21403421620587	45712	68.71281064053203	True	False	3426	0.0	1
Guo published	g660	g660.t4	JAREIK010000088.1	286048	79.13357198791812	30	281326	225941	80.31287545409953	38425	82.6779440468445	True	True	4722	8.87335874629394	1
Cai fixed-on-Guo	g2450	g2450.t1	JAREIK010000403.1	304545	74.08560311284047	59	296973	225589	75.96279796479814	29837	72.2022991587626	True	False	7572	0.46222926571579004	1
Guo published	g11920	g11920.t1	JAREIK010002838.1	294230	76.45039594874757	26	290978	224940	77.30481342232058	45712	67.49868743437172	True	False	3252	0.0	1
Guo published	g3945	g3945.t1	JAREIK010000801.1	280042	79.98014583526756	29	276217	223961	81.0815409623593	30036	89.59914768943933	True	True	3825	0.44444444444444003	1
Cai Flye–HyPo	g4811	g4811.t1	contig_17	274480	81.36986301369863	26	269947	223344	82.73624081764198	35107	89.63739425185861	True	True	4533	0.0	1
Guo published	g2379	g2379.t1	JAREIK010000403.1	304483	73.29604608467469	59	296746	223139	75.19528485640919	29834	71.85090835958972	True	False	7737	0.45237172030502	1
Cai Flye–HyPo	g16107	g16107.t1	contig_6034	280351	79.48428933729504	27	277222	222834	80.3810664377286	45761	75.63208845960534	True	True	3129	0.03195909236177	1
Cai fixed-on-Guo	g14267	g14267.t1	JAREIK010003204.1	311785	70.99988774315634	31	307510	221367	71.98692725439824	35832	70.46494753293146	True	False	4275	0.0	1
Cai min1250	g10751	g10751.t1	JAEQBI010000049.1	300048	72.63104569935477	59	292293	217893	74.54608902710636	29863	74.5437497907109	True	False	7755	0.45132172791747	1
Cai Flye–HyPo	g16144	g16144.t1	contig_6077	266038	81.43498297235733	25	261973	216581	82.67302355586263	47538	86.5328789599899	True	True	4065	1.6482164821648202	1
Cai min1250	g437	g437.t2	JAEQBI010000001.1	278157	76.63226163641397	27	274391	213157	77.68367038277495	41862	58.11714681572787	True	False	3135	0.03189792663476	1
Cai Flye–HyPo	g19356	g19356.t1	contig_9744	271714	77.86864129194669	30	267742	211580	79.02383637979847	40434	82.92773408517584	True	True	3972	0.0	1
Cai fixed-on-Guo	g29143	g29143.t1	JAREIK010017918.1	268921	78.07646111683357	13	267220	209964	78.57346007035402	106933	77.95161456238954	True	True	1701	0.0	1
Cai min1250	g1047	g1047.t2	JAEQBI010000002.1	261600	79.5026758409786	25	256416	207979	81.10999313615375	36643	88.4534563218077	True	True	5184	0.0	1
Cai Flye–HyPo	g11528	g11528.t1	contig_3423	264334	77.7845453101001	48	257068	205608	79.98195030108765	29864	73.3692740423252	True	False	7266	0.0412881915772	1
Cai min1250	g1879	g1879.t1	JAEQBI010000004.1	250059	82.11102179885546	15	248502	205326	82.62549194775093	57562	92.31611132344256	True	True	1557	0.0	1
Cai fixed-on-Guo	g9513	g9513.t1	JAREIK010002147.1	259438	78.98226165789129	23	255109	204910	80.3225288014143	34573	90.43762473606573	True	True	4329	0.0	1
Cai fixed-on-Guo	g7389	g7389.t1	JAREIK010001532.1	251253	81.20778657369266	23	247908	204037	82.30351582038499	35181	87.06972513572667	True	True	3345	0.0	1
Cai Flye–HyPo	g16493	g16493.t2	contig_6198	256572	79.42448903231842	20	254277	203754	80.13072358097665	43707	85.8855560894136	True	True	2295	1.17647058823529	1
Cai min1250	g3514	g3514.t2	JAEQBI010000007.1	272747	74.26332828592065	28	268808	202551	75.35155203714176	36545	82.67615268846627	True	True	3939	0.0	1
Cai fixed-on-Guo	g8813	g8813.t4	JAREIK010001970.1	270144	74.39661809997631	22	267564	200978	75.11399141887549	44468	78.17531708194657	True	True	2580	0.0	1
Cai fixed-on-Guo	g3012	g3012.t1	JAREIK010000438.1	261393	76.74421273714293	31	253644	200604	79.08880162747788	30901	88.99388369308437	True	True	7749	0.0	1
Guo published	g7229	g7229.t1	JAREIK010001532.1	251247	79.77448486947108	21	247602	200431	80.94886147930954	35181	82.95386714419715	True	True	3645	0.0	1
Guo published	g8622	g8622.t3	JAREIK010001970.1	270157	74.18760202400826	19	267631	200423	74.88781195003568	45732	76.28356511851658	True	True	2526	0.0	1
Guo published	g29049	g29049.t2	JAREIK010017918.1	268924	74.50841129835939	12	267118	200371	75.01216690750904	106933	71.70658262650444	True	False	1806	0.0	1
Guo published	g2920	g2920.t1	JAREIK010000438.1	261225	76.68791271892047	30	253533	200328	79.01456615115193	30900	86.27831715210355	True	True	7692	0.0	1
Cai Flye–HyPo	g19393	g19393.t1	contig_9918	243375	81.94144838212635	30	239613	199396	83.21585222838493	39383	95.30254170581216	True	True	3762	0.77086656034024	1
Cai Flye–HyPo	g1168	g1168.t1	contig_11036	238429	83.33885559223081	15	236830	198580	83.849174513364	50866	85.7114772146424	True	True	1599	7.7548467792370195	1
Cai fixed-on-Guo	g3694	g3694.t2	JAREIK010000638.1	257151	76.4290241920117	20	254856	196511	77.1066798505823	43776	81.13806652046783	True	True	2295	1.17647058823529	1
Cai Flye–HyPo	g11084	g11084.t2	contig_3075	236871	82.95316860231941	25	234075	196492	83.94403503150698	40317	87.70741870674902	True	True	2796	0.0	1
Cai fixed-on-Guo	g9821	g9821.t1	JAREIK010002205.1	267880	73.26862774376586	28	263851	196272	74.38743836483471	36557	76.1960773586454	True	True	4029	0.0	1
Cai Flye–HyPo	g18153	g18153.t1	contig_8208	259489	75.16349440631394	31	256057	195041	76.17093069121329	32152	78.87223189848221	True	True	3432	0.0	1
Guo published	g9604	g9604.t2	JAREIK010002205.1	267860	72.77719704323154	28	263831	194941	73.88858777020137	36557	76.08392373553629	True	True	4029	0.0	1
Cai min1250	g10510	g10510.t5	JAEQBI010000047.1	264827	73.24668557209047	17	262439	193977	73.91317601423569	57182	69.63904725263194	True	False	2388	0.0	1
Cai min1250	g8739	g8739.t2	JAEQBI010000029.1	254177	76.05290801292013	20	251882	193282	76.73513788202412	43727	87.48827955267913	True	True	2295	1.17647058823529	1
Cai min1250	g9506	g9506.t3	JAEQBI010000036.1	254274	75.91928392206832	33	250599	193043	77.0326298189538	27670	82.02023852547886	True	True	3675	0.0	1
Cai min1250	g10265	g10265.t1	JAEQBI010000044.1	233434	82.67904418379499	16	231325	192922	83.39868150869988	50912	88.57243871778756	True	True	2109	3.7458511142721598	1
Cai min1250	g2910	g2910.t2	JAEQBI010000006.1	236896	81.43109212481427	25	234100	192907	82.403673643742	40128	86.71501196172248	True	True	2796	0.0	1
Cai min1250	g5350	g5350.t1	JAEQBI010000012.1	248194	76.82578950337236	30	240523	190677	79.27599439554636	30899	89.3880060843393	True	True	7671	0.0	1
Cai fixed-on-Guo	g11319	g11319.t1	JAREIK010002645.1	248289	76.35054311709338	33	245280	189570	77.2871819960861	21884	91.05739352951929	True	True	3009	0.0	1
Cai Flye–HyPo	g7738	g7738.t1	contig_20834	224983	84.24680975895956	10	224080	189541	84.58630846126384	61339	90.07809061119352	True	True	903	0.0	1
Guo published	g11077	g11077.t1	JAREIK010002645.1	248326	75.90747646239218	34	245254	188498	76.85827754083522	21882	91.41303354355178	True	True	3072	0.0	1
Cai min1250	g3320	g3320.t1	JAEQBI010000007.1	240894	78.11153453386137	33	237885	188130	79.08443155306135	21822	90.91284025295572	True	True	3009	1.1964107676969	1
Cai min1250	g8689	g8689.t3	JAEQBI010000029.1	247811	75.78194672552873	24	245261	187762	76.55599544974537	50387	84.68652628654216	True	True	2550	1.33333333333333	1
Cai Flye–HyPo	g14161	g14161.t1	contig_5432	240780	77.96951574051	33	237771	187735	78.95622258391477	21882	91.43588337446305	True	True	3009	0.0	1
Cai min1250	g13608	g13608.t1	JAEQBI010000153.1	230206	81.54479031823672	19	228607	187638	82.07885147873863	41562	80.40758385063279	True	True	1599	5.190744215134449	1
Cai Flye–HyPo	g2053	g2053.t1	contig_12358	223886	83.08960810412442	14	222257	186021	83.69635152098697	55341	82.77588045029906	True	True	1629	0.30693677102516	1
Cai Flye–HyPo	g17618	g17618.t2	contig_7488	237714	77.77118722498464	38	233118	184873	79.30447241311268	30172	85.58265941932918	True	True	4596	0.0	1
Cai Flye–HyPo	g12521	g12521.t1	contig_4407	221822	83.1283641838952	19	218951	184397	84.21838676233494	35516	83.92273904718999	True	True	2871	0.0	1
Cai min1250	g6646	g6646.t1	JAEQBI010000017.1	225572	80.89257531963186	17	221558	182471	82.35811841594526	35214	89.89322428579543	True	True	3654	0.0	1
Cai min1250	g5968	g5968.t2	JAEQBI010000014.1	277488	65.7232024447904	28	274017	182374	66.5557246448213	41353	69.91995743960535	True	False	3471	0.0	1
Guo published	g827	g827.t2	JAREIK010000111.1	224539	80.94852119230957	12	223174	181761	81.44362694579118	102135	83.13800362265629	True	True	1365	0.0	1
Cai fixed-on-Guo	g12314	g12314.t1	JAREIK010002860.1	216070	83.9320590549359	10	214732	181352	84.45504163329173	46469	87.00639135767932	True	True	1338	0.0	1
Cai fixed-on-Guo	g834	g834.t2	JAREIK010000111.1	224534	80.69112027577115	12	223169	181179	81.18466274437758	102133	82.02441913974916	True	True	1365	0.0	1
Cai Flye–HyPo	g5564	g5564.t2	contig_17857	228285	79.32803294127953	17	226491	181074	79.94754758467224	48049	89.8499448479677	True	True	1794	1.11482720178372	1
Guo published	g7488	g7488.t1	JAREIK010001563.1	222241	80.0968318177114	19	219706	178008	81.02100079196745	35543	84.14315055003799	True	True	2535	0.0	1
Guo published	g8771	g8771.t2	JAREIK010002034.1	228916	77.1379021125653	16	227161	176581	77.73385396260801	48167	89.5177196005564	True	True	1755	0.0	1
Guo published	g15028	g15028.t1	JAREIK010003523.1	228864	77.06804040827741	22	224121	176381	78.6990063403251	42012	81.65524135961154	True	True	4743	0.0	1
