representation	gene_id	tied_transcript_id	cds_length_bp	pep_length_aa	selected	tie_break
Guo published	g531	g531.t1	960	319	True	transcript_ID_deterministic
Guo published	g531	g531.t2	960	319	False	transcript_ID_deterministic
Guo published	g774	g774.t1	225	74	True	transcript_ID_deterministic
Guo published	g774	g774.t2	225	74	False	transcript_ID_deterministic
Guo published	g2101	g2101.t2	1875	624	True	transcript_ID_deterministic
Guo published	g2101	g2101.t3	1875	624	False	transcript_ID_deterministic
Guo published	g2392	g2392.t1	4110	1369	True	transcript_ID_deterministic
Guo published	g2392	g2392.t3	4110	1369	False	transcript_ID_deterministic
Guo published	g2743	g2743.t1	360	119	True	transcript_ID_deterministic
Guo published	g2743	g2743.t2	360	119	False	transcript_ID_deterministic
Guo published	g3509	g3509.t1	1527	508	True	transcript_ID_deterministic
Guo published	g3509	g3509.t2	1527	508	False	transcript_ID_deterministic
Guo published	g6621	g6621.t3	1026	341	True	transcript_ID_deterministic
Guo published	g6621	g6621.t4	1026	341	False	transcript_ID_deterministic
Guo published	g8373	g8373.t1	1149	382	True	transcript_ID_deterministic
Guo published	g8373	g8373.t2	1149	382	False	transcript_ID_deterministic
Guo published	g10191	g10191.t1	1032	343	True	transcript_ID_deterministic
Guo published	g10191	g10191.t2	1032	343	False	transcript_ID_deterministic
Guo published	g10911	g10911.t1	1005	334	True	transcript_ID_deterministic
Guo published	g10911	g10911.t2	1005	334	False	transcript_ID_deterministic
Guo published	g10911	g10911.t3	1005	334	False	transcript_ID_deterministic
Guo published	g11658	g11658.t1	1194	397	True	transcript_ID_deterministic
Guo published	g11658	g11658.t2	1194	397	False	transcript_ID_deterministic
Guo published	g11660	g11660.t3	1515	504	True	transcript_ID_deterministic
Guo published	g11660	g11660.t4	1515	504	False	transcript_ID_deterministic
Guo published	g11890	g11890.t1	627	208	True	transcript_ID_deterministic
Guo published	g11890	g11890.t3	627	208	False	transcript_ID_deterministic
Guo published	g13596	g13596.t1	1893	630	True	transcript_ID_deterministic
Guo published	g13596	g13596.t2	1893	630	False	transcript_ID_deterministic
Guo published	g14182	g14182.t1	1851	616	True	transcript_ID_deterministic
Guo published	g14182	g14182.t2	1851	616	False	transcript_ID_deterministic
Guo published	g15061	g15061.t1	375	124	True	transcript_ID_deterministic
Guo published	g15061	g15061.t2	375	124	False	transcript_ID_deterministic
Guo published	g15368	g15368.t1	900	299	True	transcript_ID_deterministic
Guo published	g15368	g15368.t2	900	299	False	transcript_ID_deterministic
Guo published	g16844	g16844.t1	987	328	True	transcript_ID_deterministic
Guo published	g16844	g16844.t3	987	328	False	transcript_ID_deterministic
Guo published	g18444	g18444.t1	273	90	True	transcript_ID_deterministic
Guo published	g18444	g18444.t2	273	90	False	transcript_ID_deterministic
Guo published	g18564	g18564.t2	405	134	True	transcript_ID_deterministic
Guo published	g18564	g18564.t3	405	134	False	transcript_ID_deterministic
Guo published	g20174	g20174.t1	2007	668	True	transcript_ID_deterministic
Guo published	g20174	g20174.t2	2007	668	False	transcript_ID_deterministic
Guo published	g20199	g20199.t1	510	169	True	transcript_ID_deterministic
Guo published	g20199	g20199.t2	510	169	False	transcript_ID_deterministic
Guo published	g25274	g25274.t1	2031	676	True	transcript_ID_deterministic
Guo published	g25274	g25274.t2	2031	676	False	transcript_ID_deterministic
Guo published	g25678	g25678.t1	1572	523	True	transcript_ID_deterministic
Guo published	g25678	g25678.t2	1572	523	False	transcript_ID_deterministic
Guo published	g25710	g25710.t1	1542	513	True	transcript_ID_deterministic
Guo published	g25710	g25710.t2	1542	513	False	transcript_ID_deterministic
Guo published	g27120	g27120.t2	1338	445	True	transcript_ID_deterministic
Guo published	g27120	g27120.t3	1338	445	False	transcript_ID_deterministic
Guo published	g28059	g28059.t1	252	83	True	transcript_ID_deterministic
Guo published	g28059	g28059.t2	252	83	False	transcript_ID_deterministic
Cai fixed-on-Guo	g779	g779.t1	225	74	True	transcript_ID_deterministic
Cai fixed-on-Guo	g779	g779.t2	225	74	False	transcript_ID_deterministic
Cai fixed-on-Guo	g1634	g1634.t2	1506	501	True	transcript_ID_deterministic
Cai fixed-on-Guo	g1634	g1634.t3	1506	501	False	transcript_ID_deterministic
Cai fixed-on-Guo	g2152	g2152.t1	2016	671	True	transcript_ID_deterministic
Cai fixed-on-Guo	g2152	g2152.t2	2016	671	False	transcript_ID_deterministic
Cai fixed-on-Guo	g2707	g2707.t2	2475	824	True	transcript_ID_deterministic
Cai fixed-on-Guo	g2707	g2707.t3	2475	824	False	transcript_ID_deterministic
Cai fixed-on-Guo	g2841	g2841.t1	360	119	True	transcript_ID_deterministic
Cai fixed-on-Guo	g2841	g2841.t2	360	119	False	transcript_ID_deterministic
Cai fixed-on-Guo	g2878	g2878.t1	1281	426	True	transcript_ID_deterministic
Cai fixed-on-Guo	g2878	g2878.t2	1281	426	False	transcript_ID_deterministic
Cai fixed-on-Guo	g5104	g5104.t1	525	174	True	transcript_ID_deterministic
Cai fixed-on-Guo	g5104	g5104.t2	525	174	False	transcript_ID_deterministic
Cai fixed-on-Guo	g6773	g6773.t1	1026	341	True	transcript_ID_deterministic
Cai fixed-on-Guo	g6773	g6773.t2	1026	341	False	transcript_ID_deterministic
Cai fixed-on-Guo	g7439	g7439.t1	300	99	True	transcript_ID_deterministic
Cai fixed-on-Guo	g7439	g7439.t2	300	99	False	transcript_ID_deterministic
Cai fixed-on-Guo	g8528	g8528.t1	1182	393	True	transcript_ID_deterministic
Cai fixed-on-Guo	g8528	g8528.t3	1182	393	False	transcript_ID_deterministic
Cai fixed-on-Guo	g8913	g8913.t1	3444	1147	True	transcript_ID_deterministic
Cai fixed-on-Guo	g8913	g8913.t2	3444	1147	False	transcript_ID_deterministic
Cai fixed-on-Guo	g8947	g8947.t1	303	100	True	transcript_ID_deterministic
Cai fixed-on-Guo	g8947	g8947.t2	303	100	False	transcript_ID_deterministic
Cai fixed-on-Guo	g9185	g9185.t1	3873	1290	True	transcript_ID_deterministic
Cai fixed-on-Guo	g9185	g9185.t2	3873	1290	False	transcript_ID_deterministic
Cai fixed-on-Guo	g9621	g9621.t1	555	184	True	transcript_ID_deterministic
Cai fixed-on-Guo	g9621	g9621.t2	555	184	False	transcript_ID_deterministic
Cai fixed-on-Guo	g9902	g9902.t1	450	149	True	transcript_ID_deterministic
Cai fixed-on-Guo	g9902	g9902.t3	450	149	False	transcript_ID_deterministic
Cai fixed-on-Guo	g10707	g10707.t1	1023	340	True	transcript_ID_deterministic
Cai fixed-on-Guo	g10707	g10707.t2	1023	340	False	transcript_ID_deterministic
Cai fixed-on-Guo	g12527	g12527.t1	213	70	True	transcript_ID_deterministic
Cai fixed-on-Guo	g12527	g12527.t2	213	70	False	transcript_ID_deterministic
Cai fixed-on-Guo	g14350	g14350.t1	291	96	True	transcript_ID_deterministic
Cai fixed-on-Guo	g14350	g14350.t2	291	96	False	transcript_ID_deterministic
Cai fixed-on-Guo	g14350	g14350.t3	291	96	False	transcript_ID_deterministic
Cai fixed-on-Guo	g14490	g14490.t1	3942	1313	True	transcript_ID_deterministic
Cai fixed-on-Guo	g14490	g14490.t2	3942	1313	False	transcript_ID_deterministic
Cai fixed-on-Guo	g15701	g15701.t1	819	272	True	transcript_ID_deterministic
Cai fixed-on-Guo	g15701	g15701.t2	819	272	False	transcript_ID_deterministic
Cai fixed-on-Guo	g15811	g15811.t1	228	75	True	transcript_ID_deterministic
Cai fixed-on-Guo	g15811	g15811.t2	228	75	False	transcript_ID_deterministic
Cai fixed-on-Guo	g15850	g15850.t1	1035	344	True	transcript_ID_deterministic
Cai fixed-on-Guo	g15850	g15850.t2	1035	344	False	transcript_ID_deterministic
Cai fixed-on-Guo	g16868	g16868.t1	660	219	True	transcript_ID_deterministic
Cai fixed-on-Guo	g16868	g16868.t2	660	219	False	transcript_ID_deterministic
Cai fixed-on-Guo	g17226	g17226.t1	1980	659	True	transcript_ID_deterministic
Cai fixed-on-Guo	g17226	g17226.t3	1980	659	False	transcript_ID_deterministic
Cai fixed-on-Guo	g17277	g17277.t1	246	81	True	transcript_ID_deterministic
Cai fixed-on-Guo	g17277	g17277.t2	246	81	False	transcript_ID_deterministic
Cai fixed-on-Guo	g18541	g18541.t1	894	297	True	transcript_ID_deterministic
Cai fixed-on-Guo	g18541	g18541.t2	894	297	False	transcript_ID_deterministic
Cai fixed-on-Guo	g18863	g18863.t1	273	90	True	transcript_ID_deterministic
Cai fixed-on-Guo	g18863	g18863.t2	273	90	False	transcript_ID_deterministic
Cai fixed-on-Guo	g18973	g18973.t2	447	148	True	transcript_ID_deterministic
Cai fixed-on-Guo	g18973	g18973.t3	447	148	False	transcript_ID_deterministic
Cai fixed-on-Guo	g19875	g19875.t1	579	192	True	transcript_ID_deterministic
Cai fixed-on-Guo	g19875	g19875.t2	579	192	False	transcript_ID_deterministic
Cai fixed-on-Guo	g20613	g20613.t1	2007	668	True	transcript_ID_deterministic
Cai fixed-on-Guo	g20613	g20613.t2	2007	668	False	transcript_ID_deterministic
Cai fixed-on-Guo	g20640	g20640.t1	420	139	True	transcript_ID_deterministic
Cai fixed-on-Guo	g20640	g20640.t2	420	139	False	transcript_ID_deterministic
Cai fixed-on-Guo	g23801	g23801.t1	255	84	True	transcript_ID_deterministic
Cai fixed-on-Guo	g23801	g23801.t2	255	84	False	transcript_ID_deterministic
Cai fixed-on-Guo	g25895	g25895.t1	1542	513	True	transcript_ID_deterministic
Cai fixed-on-Guo	g25895	g25895.t2	1542	513	False	transcript_ID_deterministic
Cai fixed-on-Guo	g27330	g27330.t2	1815	604	True	transcript_ID_deterministic
Cai fixed-on-Guo	g27330	g27330.t3	1815	604	False	transcript_ID_deterministic
Cai min1250	g1234	g1234.t1	1908	635	True	transcript_ID_deterministic
Cai min1250	g1234	g1234.t2	1908	635	False	transcript_ID_deterministic
Cai min1250	g1423	g1423.t2	981	326	True	transcript_ID_deterministic
Cai min1250	g1423	g1423.t3	981	326	False	transcript_ID_deterministic
Cai min1250	g1518	g1518.t1	252	83	True	transcript_ID_deterministic
Cai min1250	g1518	g1518.t2	252	83	False	transcript_ID_deterministic
Cai min1250	g1677	g1677.t2	1998	665	True	transcript_ID_deterministic
Cai min1250	g1677	g1677.t3	1998	665	False	transcript_ID_deterministic
Cai min1250	g2256	g2256.t1	2088	695	True	transcript_ID_deterministic
Cai min1250	g2256	g2256.t2	2088	695	False	transcript_ID_deterministic
Cai min1250	g2544	g2544.t1	1281	426	True	transcript_ID_deterministic
Cai min1250	g2544	g2544.t2	1281	426	False	transcript_ID_deterministic
Cai min1250	g3441	g3441.t1	219	72	True	transcript_ID_deterministic
Cai min1250	g3441	g3441.t2	219	72	False	transcript_ID_deterministic
Cai min1250	g6108	g6108.t1	210	69	True	transcript_ID_deterministic
Cai min1250	g6108	g6108.t2	210	69	False	transcript_ID_deterministic
Cai min1250	g6169	g6169.t2	1986	661	True	transcript_ID_deterministic
Cai min1250	g6169	g6169.t3	1986	661	False	transcript_ID_deterministic
Cai min1250	g6460	g6460.t1	1338	445	True	transcript_ID_deterministic
Cai min1250	g6460	g6460.t2	1338	445	False	transcript_ID_deterministic
Cai min1250	g7851	g7851.t1	363	120	True	transcript_ID_deterministic
Cai min1250	g7851	g7851.t2	363	120	False	transcript_ID_deterministic
Cai min1250	g8457	g8457.t2	1911	636	True	transcript_ID_deterministic
Cai min1250	g8457	g8457.t3	1911	636	False	transcript_ID_deterministic
Cai min1250	g8503	g8503.t1	921	306	True	transcript_ID_deterministic
Cai min1250	g8503	g8503.t2	921	306	False	transcript_ID_deterministic
Cai min1250	g8677	g8677.t1	375	124	True	transcript_ID_deterministic
Cai min1250	g8677	g8677.t2	375	124	False	transcript_ID_deterministic
Cai min1250	g9090	g9090.t1	1026	341	True	transcript_ID_deterministic
Cai min1250	g9090	g9090.t2	1026	341	False	transcript_ID_deterministic
Cai min1250	g9096	g9096.t1	2199	732	True	transcript_ID_deterministic
Cai min1250	g9096	g9096.t2	2199	732	False	transcript_ID_deterministic
Cai min1250	g9270	g9270.t1	2406	801	True	transcript_ID_deterministic
Cai min1250	g9270	g9270.t3	2406	801	False	transcript_ID_deterministic
Cai min1250	g9380	g9380.t1	300	99	True	transcript_ID_deterministic
Cai min1250	g9380	g9380.t2	300	99	False	transcript_ID_deterministic
Cai min1250	g9562	g9562.t1	2007	668	True	transcript_ID_deterministic
Cai min1250	g9562	g9562.t3	2007	668	False	transcript_ID_deterministic
Cai min1250	g9587	g9587.t1	420	139	True	transcript_ID_deterministic
Cai min1250	g9587	g9587.t2	420	139	False	transcript_ID_deterministic
Cai min1250	g10723	g10723.t1	2358	785	True	transcript_ID_deterministic
Cai min1250	g10723	g10723.t4	2358	785	False	transcript_ID_deterministic
Cai min1250	g11007	g11007.t1	1035	344	True	transcript_ID_deterministic
Cai min1250	g11007	g11007.t2	1035	344	False	transcript_ID_deterministic
Cai min1250	g11787	g11787.t1	1536	511	True	transcript_ID_deterministic
Cai min1250	g11787	g11787.t2	1536	511	False	transcript_ID_deterministic
Cai min1250	g11853	g11853.t1	1572	523	True	transcript_ID_deterministic
Cai min1250	g11853	g11853.t2	1572	523	False	transcript_ID_deterministic
Cai min1250	g12660	g12660.t1	1830	609	True	transcript_ID_deterministic
Cai min1250	g12660	g12660.t3	1830	609	False	transcript_ID_deterministic
Cai min1250	g13191	g13191.t1	834	277	True	transcript_ID_deterministic
Cai min1250	g13191	g13191.t2	834	277	False	transcript_ID_deterministic
Cai min1250	g13993	g13993.t1	1464	487	True	transcript_ID_deterministic
Cai min1250	g13993	g13993.t2	1464	487	False	transcript_ID_deterministic
Cai min1250	g16767	g16767.t1	339	112	True	transcript_ID_deterministic
Cai min1250	g16767	g16767.t2	339	112	False	transcript_ID_deterministic
Cai min1250	g17472	g17472.t1	1344	447	True	transcript_ID_deterministic
Cai min1250	g17472	g17472.t2	1344	447	False	transcript_ID_deterministic
Cai Flye–HyPo	g281	g281.t1	531	176	True	transcript_ID_deterministic
Cai Flye–HyPo	g281	g281.t2	531	176	False	transcript_ID_deterministic
Cai Flye–HyPo	g1827	g1827.t1	2607	868	True	transcript_ID_deterministic
Cai Flye–HyPo	g1827	g1827.t3	2607	868	False	transcript_ID_deterministic
Cai Flye–HyPo	g2145	g2145.t1	252	83	True	transcript_ID_deterministic
Cai Flye–HyPo	g2145	g2145.t2	252	83	False	transcript_ID_deterministic
Cai Flye–HyPo	g2565	g2565.t1	441	146	True	transcript_ID_deterministic
Cai Flye–HyPo	g2565	g2565.t2	441	146	False	transcript_ID_deterministic
Cai Flye–HyPo	g4721	g4721.t1	1074	357	True	transcript_ID_deterministic
Cai Flye–HyPo	g4721	g4721.t2	1074	357	False	transcript_ID_deterministic
Cai Flye–HyPo	g5612	g5612.t1	2070	689	True	transcript_ID_deterministic
Cai Flye–HyPo	g5612	g5612.t2	2070	689	False	transcript_ID_deterministic
Cai Flye–HyPo	g5637	g5637.t1	1956	651	True	transcript_ID_deterministic
Cai Flye–HyPo	g5637	g5637.t2	1956	651	False	transcript_ID_deterministic
Cai Flye–HyPo	g6234	g6234.t1	1572	523	True	transcript_ID_deterministic
Cai Flye–HyPo	g6234	g6234.t2	1572	523	False	transcript_ID_deterministic
Cai Flye–HyPo	g6490	g6490.t1	2031	676	True	transcript_ID_deterministic
Cai Flye–HyPo	g6490	g6490.t2	2031	676	False	transcript_ID_deterministic
Cai Flye–HyPo	g6554	g6554.t2	2079	692	True	transcript_ID_deterministic
Cai Flye–HyPo	g6554	g6554.t3	2079	692	False	transcript_ID_deterministic
Cai Flye–HyPo	g7882	g7882.t1	1536	511	True	transcript_ID_deterministic
Cai Flye–HyPo	g7882	g7882.t2	1536	511	False	transcript_ID_deterministic
Cai Flye–HyPo	g11279	g11279.t1	1473	490	True	transcript_ID_deterministic
Cai Flye–HyPo	g11279	g11279.t2	1473	490	False	transcript_ID_deterministic
Cai Flye–HyPo	g11862	g11862.t1	240	79	True	transcript_ID_deterministic
Cai Flye–HyPo	g11862	g11862.t2	240	79	False	transcript_ID_deterministic
Cai Flye–HyPo	g12507	g12507.t2	1089	362	True	transcript_ID_deterministic
Cai Flye–HyPo	g12507	g12507.t3	1089	362	False	transcript_ID_deterministic
Cai Flye–HyPo	g13949	g13949.t1	2622	873	True	transcript_ID_deterministic
Cai Flye–HyPo	g13949	g13949.t2	2622	873	False	transcript_ID_deterministic
Cai Flye–HyPo	g14742	g14742.t1	1878	625	True	transcript_ID_deterministic
Cai Flye–HyPo	g14742	g14742.t2	1878	625	False	transcript_ID_deterministic
Cai Flye–HyPo	g16345	g16345.t1	1845	614	True	transcript_ID_deterministic
Cai Flye–HyPo	g16345	g16345.t2	1845	614	False	transcript_ID_deterministic
Cai Flye–HyPo	g17632	g17632.t1	579	192	True	transcript_ID_deterministic
Cai Flye–HyPo	g17632	g17632.t2	579	192	False	transcript_ID_deterministic
Cai Flye–HyPo	g18712	g18712.t1	1470	489	True	transcript_ID_deterministic
Cai Flye–HyPo	g18712	g18712.t2	1470	489	False	transcript_ID_deterministic
Cai Flye–HyPo	g18716	g18716.t1	285	94	True	transcript_ID_deterministic
Cai Flye–HyPo	g18716	g18716.t2	285	94	False	transcript_ID_deterministic
