representation	gene_id	transcript_id	seqid	start	end	gene_span_bp	gene_repeat_fraction	cds_bp	cds_repeat_fraction	intron_bp	intron_repeat_fraction	intron_count	longest_intron_bp	longest_intron_repeat_fraction	complete_start_stop_proxy
Guo published	g29049	g29049.t2	JAREIK010017918.1	730912	999835	268924	0.7450841129835939	1806	0.0	267118	0.7501216690750904	12	106933	0.7170658262650444	1
Guo published	g7602	g7602.t2	JAREIK010001563.1	13407095	13514180	107086	0.786974954709299	978	0.0	106108	0.7942285218833641	4	104518	0.806138655542586	1
Guo published	g3944	g3944.t1	JAREIK010000801.1	598087	706733	108647	0.7869246274632525	1893	0.0	106754	0.8008786556007269	8	103898	0.8057517950297407	1
Guo published	g827	g827.t2	JAREIK010000111.1	33632	258170	224539	0.8094852119230957	1365	0.0	223174	0.8144362694579118	12	102135	0.8313800362265629	1
Guo published	g15317	g15317.t1	JAREIK010003652.1	872467	1053847	181381	0.8682166268793313	1419	0.0	179962	0.8750625131972305	11	97713	0.877877048089814	1
Guo published	g11307	g11307.t1	JAREIK010002708.1	1078861	1176301	97441	0.8844223684075492	447	0.0	96994	0.8884982576241829	3	93492	0.9198327129593976	1
Guo published	g14875	g14875.t1	JAREIK010003484.1	4173750	4289124	115375	0.8350249187432286	639	0.0172143974960876	114736	0.8395795565472041	6	90539	0.8581053468670959	1
Guo published	g3627	g3627.t1	JAREIK010000665.1	919567	1049382	129816	0.778732975904357	1059	0.0	128757	0.7851378954153949	10	83117	0.8294813335418747	1
Guo published	g7326	g7326.t1	JAREIK010001546.1	2192200	2351452	159253	0.8362228655033186	1317	0.0599848139711465	157936	0.8426957755040017	12	79771	0.8519512103395971	1
Guo published	g14398	g14398.t1	JAREIK010003411.1	1710479	1791236	80758	0.7729884345823324	858	0.0	79900	0.7812891113892365	3	79704	0.7832103784000803	1
Guo published	g5642	g5642.t1	JAREIK010001261.1	6180	94264	88085	0.8131690980303117	2181	0.0169646950939935	85904	0.8333837772397095	15	78467	0.8840914014808773	1
Guo published	g17642	g17642.t1	JAREIK010005719.1	869025	946800	77776	0.7963767743262703	363	0.0	77413	0.8001110924521722	4	76701	0.8044354050142762	1
Guo published	g1173	g1173.t2	JAREIK010000215.1	679405	819974	140570	0.8514263356334922	1440	0.0	139130	0.8602386257457054	9	74852	0.8199380110083899	1
Guo published	g3291	g3291.t1	JAREIK010000556.1	146663	243261	96599	0.7802047640244723	720	0.025	95879	0.7858759478092179	4	74765	0.7836822042399518	1
Guo published	g15364	g15364.t1	JAREIK010003679.1	556585	661197	104613	0.8056360108208349	801	0.0	103754	0.8123060315746863	8	74578	0.8049558851135724	1
Guo published	g679	g679.t2	JAREIK010000088.1	9911267	10082801	171535	0.7674527064447488	1050	0.0	170485	0.772179370619116	12	74501	0.7493188010899182	1
Guo published	g13720	g13720.t2	JAREIK010003198.1	851226	979112	127887	0.7593109542017562	1134	0.0	120275	0.7761213884847226	9	74500	0.8218523489932886	1
Guo published	g4432	g4432.t1	JAREIK010000969.1	469365	556206	86842	0.80991916353838	1935	0.0299741602067183	84907	0.8276938297195755	13	73868	0.8446282558076569	1
Guo published	g8766	g8766.t1	JAREIK010002034.1	132975	221791	88817	0.821610727676008	1179	0.0	87638	0.8326639129144892	9	73507	0.8491164106819759	1
Guo published	g939	g939.t2	JAREIK010000154.1	60497	257818	197322	0.7894254061888689	1491	0.0	192846	0.7925961648154486	16	73284	0.8282708367447191	1
Guo published	g13233	g13233.t1	JAREIK010003123.1	117334	208946	91613	0.7912195867398731	2061	0.0092188258127122	89552	0.80921699124531	3	72762	0.8273961683296226	1
Guo published	g10367	g10367.t1	JAREIK010002415.1	1683592	1791635	108044	0.7441320202880308	1161	0.0	106883	0.7522150388742831	10	71888	0.7163643445359448	1
Guo published	g4530	g4530.t1	JAREIK010000989.1	277715	351025	73311	0.7650011594440125	957	0.0	72354	0.7751195510960002	10	70988	0.7897954583873331	1
Guo published	g14348	g14348.t1	JAREIK010003409.1	724746	796246	71501	0.7973175200346848	576	0.0	70925	0.8037927388086006	4	70634	0.8071042274258855	1
Guo published	g14385	g14385.t2	JAREIK010003411.1	1039437	1112857	73421	0.8245188706228463	2289	0.0	71132	0.8510515661024574	10	69840	0.8633734249713632	1
Guo published	g6365	g6365.t1	JAREIK010001435.1	1601853	1680152	78300	0.7822733077905492	2235	0.0192393736017897	76065	0.8046933543679747	7	69828	0.8051354757403907	1
Guo published	g25249	g25249.t1	JAREIK010013803.1	16714	87518	70805	0.820478779747193	333	0.015015015015015	70472	0.8242848223407878	2	69757	0.8278882406066774	1
Guo published	g15645	g15645.t1	JAREIK010003765.1	1084163	1178419	94257	0.7885037716031701	1065	0.0234741784037558	93192	0.7972465447677912	5	69108	0.8274874110088557	1
Guo published	g11992	g11992.t2	JAREIK010002838.1	10215498	10316530	101033	0.8029851632634881	1635	0.0018348623853211	99398	0.8161633030845691	10	68809	0.8155619177723844	1
Guo published	g5309	g5309.t1	JAREIK010001156.1	3872708	4026512	153805	0.7950911868924937	2349	0.0	151456	0.8074226177899853	18	68596	0.8747740393025832	1
Guo published	g15771	g15771.t1	JAREIK010003801.1	1044296	1116654	72359	0.7331638082339447	2211	0.0551786521935775	70148	0.7545332725095513	7	68162	0.7738035855755406	1
Guo published	g3761	g3761.t1	JAREIK010000748.1	107994	264962	156969	0.7475170256547471	3519	0.0073884626314293	153450	0.7644900619094167	17	67943	0.8465478415730833	1
Guo published	g2822	g2822.t1	JAREIK010000435.1	713525	835210	121686	0.8307447035813487	1002	0.0958083832335329	120684	0.8368466408140267	11	67848	0.8807186652517391	1
Guo published	g256	g256.t1	JAREIK010000046.1	953454	1137439	183986	0.77342297783527	1233	0.0194647201946472	182753	0.7785097919049209	14	67769	0.7736575720462158	1
Guo published	g3662	g3662.t1	JAREIK010000679.1	435436	521043	85608	0.7020605550883096	6996	0.0254431103487707	78612	0.762275479570549	15	67633	0.802640722724114	1
Guo published	g7328	g7328.t1	JAREIK010001546.1	2394367	2487893	93527	0.8059597763212762	1269	0.0	92258	0.8170456762557177	8	66677	0.8361653943638736	1
Guo published	g4845	g4845.t1	JAREIK010001079.1	4324860	4393421	68562	0.7606837606837606	1041	0.0	67521	0.772411546037529	2	65695	0.7780653017733465	1
Guo published	g3881	g3881.t1	JAREIK010000781.1	1275854	1445608	169755	0.7693440546670202	1932	0.0	167823	0.7782008425543578	16	65669	0.8169608186511139	1
Guo published	g8236	g8236.t1	JAREIK010001797.1	492287	572140	79854	0.8248804067423047	1338	0.030642750373692	78516	0.8384151001069846	9	65546	0.858923504103988	1
Guo published	g2798	g2798.t1	JAREIK010000431.1	186835	273063	86229	0.8932841619408783	648	0.0	85581	0.900047907830009	5	65422	0.9055669346702944	1
Guo published	g12911	g12911.t2	JAREIK010003024.1	576135	696946	120812	0.8572078932556368	1188	0.0	119624	0.8657209255667759	9	65382	0.8590437735156465	1
Guo published	g9529	g9529.t2	JAREIK010002187.1	522980	669194	146215	0.7663509215880724	4134	0.0041122399612965	142081	0.7885290784834003	19	65306	0.8169080942026766	1
Guo published	g11478	g11478.t1	JAREIK010002777.1	855911	1023571	167661	0.7901181550867524	1299	0.0092378752886836	166362	0.7962154819009148	13	64473	0.8647495850976378	1
Guo published	g12897	g12897.t1	JAREIK010003023.1	1355642	1457194	101553	0.7672545370397723	1251	0.0	100302	0.7768239915455325	13	64216	0.8407873427183257	1
Guo published	g9542	g9542.t1	JAREIK010002187.1	1085242	1207278	122037	0.7934560829912239	1839	0.0	120198	0.8055957669844757	7	64065	0.8510575197065481	1
Guo published	g693	g693.t1	JAREIK010000088.1	11008544	11086679	78136	0.7453670523190334	1224	0.0	76912	0.7572290409819014	9	63955	0.7606598389492611	1
Guo published	g10423	g10423.t1	JAREIK010002440.1	1417625	1519236	101612	0.8134964374286502	666	0.0	73423	0.8261035370388026	3	63705	0.8709677419354839	1
Guo published	g3154	g3154.t1	JAREIK010000500.1	903750	1030026	126277	0.8065126665980344	1197	0.0	125080	0.8142308922289735	9	63627	0.7789931947129364	1
Guo published	g14033	g14033.t1	JAREIK010003237.1	205871	360256	154386	0.8210265179485187	1380	0.067391304347826	153006	0.8278237454740337	9	63576	0.8559676607524852	1
Guo published	g14909	g14909.t1	JAREIK010003505.1	809393	882006	72614	0.8190982455173933	1077	0.0	71537	0.8314298894278486	7	63260	0.8420644957319001	1
Guo published	g14509	g14509.t1	JAREIK010003431.1	4250030	4313698	63669	0.7924421618055882	456	0.0	63213	0.7981586066157278	3	63042	0.8003235937946132	1
Guo published	g12873	g12873.t1	JAREIK010003023.1	236173	325705	89533	0.7874750092144795	1227	0.0244498777506112	88306	0.7980771408511312	3	62965	0.838306995950131	1
Guo published	g2720	g2720.t1	JAREIK010000428.1	59923	146193	86271	0.7715338874013283	1077	0.0	85194	0.7812874146066624	7	62918	0.8125973489303538	1
Guo published	g7109	g7109.t1	JAREIK010001488.1	3169566	3233790	64225	0.7939120280264694	765	0.0039215686274509	63460	0.8034352347935707	8	62697	0.8132127534012792	1
Guo published	g10170	g10170.t1	JAREIK010002323.1	1146238	1209585	63348	0.8619530214055693	438	0.0068493150684931	62910	0.8679065331425846	4	62592	0.8718845858895705	1
Guo published	g8169	g8169.t1	JAREIK010001758.1	1706951	1809776	102826	0.7658957851127147	330	0.0	102496	0.7683616921635966	4	62538	0.8030477469698424	1
Guo published	g8376	g8376.t2	JAREIK010001871.1	2040430	2115105	74676	0.8549467030906851	735	0.0353741496598639	73941	0.8630935475581882	5	62361	0.8983178589182341	1
Guo published	g14448	g14448.t1	JAREIK010003431.1	764752	863265	98514	0.7729459772215117	996	0.0	97512	0.780888506030027	9	62154	0.795314863082022	1
Guo published	g27653	g27653.t1	JAREIK010016414.1	162663	278089	115427	0.8687828670934876	894	0.0391498881431767	114533	0.8752586590764234	5	62141	0.9002590882026359	1
Guo published	g2975	g2975.t1	JAREIK010000438.1	7581907	7658618	76712	0.8207842319324226	291	0.0	76421	0.8239096583399851	3	61969	0.8511352450418758	1
Guo published	g3084	g3084.t1	JAREIK010000474.1	109083	192682	83600	0.7563516746411483	1173	0.0	82427	0.7671151443095102	11	61685	0.7281997244062576	1
Guo published	g25166	g25166.t1	JAREIK010013702.1	388565	460440	71876	0.7796065446045968	900	0.0	70976	0.789492222723174	5	61631	0.7945352176664341	1
Guo published	g11707	g11707.t1	JAREIK010002836.1	411981	495837	83857	0.7547968565534183	1983	0.0	81874	0.7730781444658866	10	61380	0.8150211795373086	1
Guo published	g9241	g9241.t1	JAREIK010002134.1	114503	204609	90107	0.7545584693752982	1299	0.0	88808	0.7655954418520854	5	61269	0.7707813086552743	1
Guo published	g9209	g9209.t2	JAREIK010002121.1	1026954	1089704	62751	0.816114484231327	1299	0.0	61452	0.8333658790600794	6	60978	0.8398438781199777	1
Guo published	g14337	g14337.t1	JAREIK010003409.1	217377	365215	147839	0.7854896204655064	621	0.0	147218	0.788802999633197	7	60750	0.8270617283950618	1
Guo published	g7061	g7061.t1	JAREIK010001488.1	770149	920516	150368	0.7733028303894446	1776	0.0	148592	0.7825454937008722	11	60507	0.8118068983753945	1
Guo published	g9620	g9620.t1	JAREIK010002205.1	2376614	2439168	62555	0.8203980497162497	2199	0.0	60356	0.8502882894824044	1	60356	0.8502882894824044	1
Guo published	g18952	g18952.t1	JAREIK010007270.1	55496	119230	63735	0.8264689730917079	444	0.0427927927927927	63291	0.8319666303265867	5	60249	0.8531593885375691	1
Guo published	g11581	g11581.t1	JAREIK010002829.1	441698	502466	60769	0.8100511774095345	405	0.0	60364	0.8154860512888477	2	60241	0.8171511097093341	1
Guo published	g9371	g9371.t1	JAREIK010002147.1	6709804	6788623	78820	0.7949758944430347	1482	0.0	77338	0.8102097287232667	7	60073	0.832487140645548	1
Guo published	g8533	g8533.t1	JAREIK010001928.1	1135065	1196438	61374	0.7940495975494509	1257	0.0	60117	0.810652560839696	2	60010	0.8120979836693885	1
Guo published	g10298	g10298.t1	JAREIK010002378.1	1441698	1613497	171800	0.8015541327124563	1500	0.0	170300	0.8086142102172637	14	59777	0.8144102246683507	1
Guo published	g10916	g10916.t1	JAREIK010002602.1	2557559	2860094	302536	0.7992040616653886	2193	0.0	300343	0.8050395714233393	18	59654	0.7974318570422771	1
Guo published	g22328	g22328.t2	JAREIK010011019.1	198851	266575	67725	0.7422517534145441	4194	0.0	63531	0.7912515150084211	15	59627	0.8290371811427709	1
Guo published	g10211	g10211.t1	JAREIK010002323.1	3534196	3665395	131200	0.8292835365853658	1233	0.0	129967	0.8371509690921541	10	59509	0.8752793695071334	1
Guo published	g7994	g7994.t1	JAREIK010001718.1	2882354	2956976	74623	0.8890824544711416	789	0.0	73834	0.8985833085028577	4	59351	0.911223062795909	1
Guo published	g803	g803.t1	JAREIK010000097.1	749975	838487	88513	0.7962333216589653	1812	0.0	86701	0.8128741306328646	12	58954	0.8322590494283679	1
Guo published	g2536	g2536.t3	JAREIK010000416.1	666768	798401	131634	0.7745187413586155	1725	0.0	129909	0.784803208399726	14	58866	0.8115720449835219	1
Guo published	g12013	g12013.t2	JAREIK010002838.1	11511594	11687022	175429	0.8006372948600289	3132	0.0	172297	0.8151912105260103	14	58840	0.8474507138001359	1
Guo published	g4433	g4433.t1	JAREIK010000969.1	561482	621065	59584	0.7911352040816326	696	0.0	58888	0.8004856677081919	2	58806	0.8016018773594531	1
Guo published	g5629	g5629.t1	JAREIK010001258.1	3718131	3836354	118224	0.8076363513330627	1440	0.0	116784	0.8175948760104124	8	58676	0.8354011861749268	1
Guo published	g10150	g10150.t1	JAREIK010002317.1	41973	107590	65618	0.7731110366058094	648	0.0	64970	0.7808219178082192	4	58534	0.7809478251956128	1
Guo published	g12196	g12196.t2	JAREIK010002869.1	5599464	5660080	60617	0.8335285480970684	1188	0.0833333333333333	59429	0.8485251308283834	7	58495	0.8586032994273015	1
Guo published	g10425	g10425.t1	JAREIK010002440.1	1675927	1783050	107124	0.7716851499197191	1461	0.0	105663	0.7823552236828407	8	58386	0.7993697119172405	1
Guo published	g12908	g12908.t1	JAREIK010003024.1	288786	398772	109987	0.7472337639902897	1056	0.0369318181818181	108931	0.7541195802847674	6	58340	0.7106273568735002	1
Guo published	g13553	g13553.t1	JAREIK010003173.1	6396913	6460160	63248	0.7950290918289906	510	0.0	62738	0.8014919187733113	4	58321	0.8088338677320348	1
Guo published	g11916	g11916.t1	JAREIK010002838.1	5827115	5902596	75482	0.7549614477623804	1347	0.0	74135	0.7686787617184866	3	58118	0.7761794968856465	1
Guo published	g7606	g7606.t1	JAREIK010001563.1	13571719	13656238	84520	0.7778868906767629	900	0.0	83620	0.7862592681176752	5	58068	0.7645174622855962	1
Guo published	g2538	g2538.t1	JAREIK010000416.1	815813	900673	84861	0.8061418083689799	663	0.0512820512820512	84198	0.8120857977624172	4	57907	0.8253060942545806	1
Guo published	g2342	g2342.t1	JAREIK010000398.1	686019	763370	77352	0.7361412762436653	1437	0.0	75915	0.7500757426068629	8	57588	0.7588212822115719	1
Guo published	g7530	g7530.t2	JAREIK010001563.1	9102762	9286707	183946	0.8171691692127038	792	0.0	146717	0.8182146581514071	10	57560	0.8916608756080612	1
Guo published	g14259	g14259.t2	JAREIK010003369.1	12435	222390	209956	0.7433938539503515	1851	0.0	208105	0.7500060065832153	20	57096	0.812981644948858	1
Guo published	g6737	g6737.t1	JAREIK010001479.1	135231	233327	98097	0.787975167436313	1347	0.0111358574610244	96750	0.7987906976744186	12	56969	0.8228685776474925	1
Guo published	g14763	g14763.t1	JAREIK010003455.1	1169478	1249587	80110	0.793895893146923	1452	0.0	78658	0.808550942052938	9	56797	0.86030952339032	1
Guo published	g3572	g3572.t1	JAREIK010000654.1	70483	129112	58630	0.8020979020979021	1830	0.0	56800	0.8279401408450704	2	56686	0.8296051935222101	1
Guo published	g21114	g21114.t1	JAREIK010009626.1	68945	146647	77703	0.7544367656332446	597	0.0	77106	0.7602780587762301	5	56629	0.7848452206466652	1
Guo published	g1487	g1487.t1	JAREIK010000325.1	58766	163176	104411	0.8065242167970808	1836	0.0	102575	0.8209602729709968	15	56358	0.8639589765428156	1
Guo published	g12296	g12296.t1	JAREIK010002910.1	225798	308427	82630	0.7936705796926056	1398	0.0	81232	0.8073296237935789	7	56294	0.8702526024087824	1
Guo published	g7800	g7800.t1	JAREIK010001650.1	128338	213835	85498	0.7943577627546843	1128	0.0	84370	0.8049780727746829	8	56082	0.8367212296280446	1
Guo published	g11066	g11066.t2	JAREIK010002637.1	534812	657519	122708	0.8053835120774522	1761	0.0176036342986939	120947	0.816853663174779	9	56016	0.8200157097972008	1
Guo published	g6080	g6080.t1	JAREIK010001381.1	2106872	2279749	172878	0.8221057624451925	1629	0.0	171249	0.8299260141665061	14	55851	0.806073302179012	1
Guo published	g3790	g3790.t1	JAREIK010000751.1	1110625	1168048	57424	0.8348077458902201	609	0.0049261083743842	56815	0.8437032473818534	5	55849	0.8541603251624917	1
Guo published	g8159	g8159.t1	JAREIK010001758.1	1242543	1299081	56539	0.87139850368772	354	0.0	56185	0.8768888493370116	4	55824	0.8825594726282603	1
Guo published	g23218	g23218.t1	JAREIK010011878.1	71934	288901	216968	0.8005327974632204	3369	0.0391807658058771	213599	0.8125412572156236	17	55526	0.8605518135648165	1
Guo published	g10159	g10159.t1	JAREIK010002323.1	168296	276460	108165	0.7451023898673323	1371	0.0	106794	0.7546678652358747	12	55500	0.8036396396396397	1
Guo published	g12229	g12229.t1	JAREIK010002873.1	473754	602239	128486	0.7895801877247327	732	0.0	127754	0.7941042941903972	9	55485	0.8590429845904298	1
Guo published	g9571	g9571.t2	JAREIK010002200.1	128539	211413	82875	0.7677586726998492	2391	0.0175658720200752	80484	0.7900452263803985	12	55429	0.8100272420574067	1
Guo published	g10345	g10345.t1	JAREIK010002415.1	186099	268347	82249	0.7491762817785018	573	0.0	81676	0.7544321465301924	6	55406	0.8020250514384724	1
Guo published	g10187	g10187.t1	JAREIK010002323.1	2311404	2481758	170355	0.8182031639810983	828	0.0	169527	0.8221994136627204	9	55287	0.8430553294626223	1
Guo published	g3104	g3104.t2	JAREIK010000486.1	506371	726912	220542	0.7876277534437884	3987	0.0110358665663406	213692	0.8081865488647212	28	55217	0.7726243729286271	1
Guo published	g7968	g7968.t1	JAREIK010001718.1	1158256	1291280	133025	0.7615109941740275	1956	0.0	131069	0.772875355728662	14	55113	0.8148894090323517	1
Guo published	g14236	g14236.t1	JAREIK010003351.1	454357	511253	56897	0.781693235144208	1665	0.0	55232	0.8052578215527231	2	55105	0.8071136920424644	1
Guo published	g9343	g9343.t1	JAREIK010002147.1	4306012	4507452	201441	0.7842544467114441	3672	0.0	197769	0.7988157901390005	25	54711	0.8790919559138016	1
Guo published	g5421	g5421.t1	JAREIK010001208.1	1126486	1268444	141959	0.8022809402714869	1254	0.0	140705	0.8094310792082726	10	54673	0.8363726153677318	1
Guo published	g24039	g24039.t1	JAREIK010012625.1	543531	625901	82371	0.8085734056888954	675	0.0	81696	0.8152541128084606	9	54669	0.8430188955349467	1
Guo published	g261	g261.t2	JAREIK010000046.1	1308923	1396310	87388	0.8283173891152104	501	0.0658682634730539	86887	0.8327137546468402	9	54306	0.8937686443486907	1
Guo published	g14751	g14751.t1	JAREIK010003455.1	339362	457592	118231	0.815885850580643	858	0.0	117373	0.8218499995740076	6	54274	0.8582378302686369	1
Guo published	g4494	g4494.t1	JAREIK010000983.1	1458488	1590883	132396	0.7681954137587238	1935	0.0	130461	0.7795893025501874	9	53937	0.900828744646532	1
Guo published	g7210	g7210.t1	JAREIK010001532.1	32549	344564	312016	0.8116186349417979	2889	0.0	309127	0.8192037576788828	20	53839	0.9098237337246234	1
Guo published	g5822	g5822.t1	JAREIK010001332.1	49547	254910	205364	0.8149237451549444	1740	0.0	203624	0.8218874003064471	16	53791	0.7952631481102787	1
Guo published	g4850	g4850.t2	JAREIK010001079.1	4775358	4887600	112243	0.8165498071149203	486	0.0	107382	0.8269076754018364	6	53728	0.8303119416319238	1
Guo published	g8206	g8206.t2	JAREIK010001782.1	541152	685516	144365	0.8245211789561182	2856	0.0	141509	0.8411620462302751	27	53713	0.8900266229776777	1
Guo published	g3165	g3165.t3	JAREIK010000500.1	1988224	2174390	186167	0.7635348907163998	2727	0.0003667033370003	183440	0.774880069777584	16	53583	0.8408077188660583	1
Guo published	g11740	g11740.t1	JAREIK010002836.1	2482549	2568169	85621	0.7289800399434718	3192	0.0140977443609022	82429	0.7566633102427544	23	53338	0.8629869886384941	1
Guo published	g9790	g9790.t1	JAREIK010002246.1	253343	307083	53741	0.7960960905081781	597	0.0	53144	0.8050391389432485	1	53144	0.8050391389432485	1
Guo published	g16885	g16885.t1	JAREIK010004938.1	464469	634517	170049	0.7694135219848397	1818	0.0005500550055005	168231	0.7777222985062207	17	53136	0.9125075278530564	1
Guo published	g636	g636.t1	JAREIK010000088.1	7223939	7289943	66005	0.745595030679494	954	0.0	65051	0.7565294922445466	7	52847	0.835260279675289	1
Guo published	g9933	g9933.t2	JAREIK010002271.1	729372	851916	122545	0.7690970663837774	2928	0.0252732240437158	119617	0.7873044801324226	11	52841	0.8825343956397494	1
Guo published	g3089	g3089.t1	JAREIK010000474.1	494824	602551	107728	0.7381275063121937	2199	0.0004547521600727	105529	0.7534990381790787	16	52820	0.8235327527451722	1
Guo published	g12203	g12203.t1	JAREIK010002869.1	5777180	5832504	55325	0.7919746949841844	309	0.0	55016	0.7964228588047113	6	52677	0.8209275395333827	1
Guo published	g6664	g6664.t1	JAREIK010001468.1	3732397	3796823	64427	0.7953652971580238	1122	0.0	63305	0.8094621277940132	9	52519	0.8232830023420096	1
Guo published	g4856	g4856.t1	JAREIK010001079.1	5448861	5503316	54456	0.7771962685470839	1956	0.0	52500	0.806152380952381	1	52500	0.806152380952381	1
Guo published	g12953	g12953.t1	JAREIK010003043.1	256365	324088	67724	0.7417459098694702	2532	0.0	65192	0.7705546692845748	14	52396	0.7607450950454233	1
Guo published	g5843	g5843.t1	JAREIK010001332.1	1171764	1225999	54236	0.7615052732502396	1260	0.0222222222222222	52976	0.7790886439142253	3	52335	0.7843126015095061	1
Guo published	g2929	g2929.t1	JAREIK010000438.1	4659676	4713216	53541	0.8233503296539101	1170	0.0	52371	0.8417444769051574	4	52169	0.845003737851981	1
Guo published	g9640	g9640.t1	JAREIK010002205.1	3290528	3467868	177341	0.8072470551085198	2130	0.0300469483568075	175211	0.8166952988111477	15	52154	0.7432411703800283	1
Guo published	g6096	g6096.t2	JAREIK010001382.1	690465	780834	90370	0.7809782007303309	1962	0.0	88408	0.7983101076825626	16	52096	0.8263782248157249	1
Guo published	g7995	g7995.t2	JAREIK010001718.1	3018063	3124298	106236	0.7787096652735419	1623	0.0209488601355514	104613	0.7904658120883638	15	52058	0.8698182796112028	1
Guo published	g6071	g6071.t3	JAREIK010001381.1	1564181	1618194	54014	0.8080312511571074	1017	0.0	52900	0.825047258979206	8	52007	0.8384063683734881	1
Guo published	g9695	g9695.t1	JAREIK010002205.1	5594926	5658540	63615	0.8584296156566847	468	0.0	63147	0.8647916765642073	5	51955	0.8833221056683669	1
Guo published	g10117	g10117.t2	JAREIK010002296.1	405958	580815	174858	0.830330897070766	1491	0.096579476861167	173367	0.8366413446619022	12	51917	0.8894003890825741	1
Guo published	g10721	g10721.t2	JAREIK010002566.1	20111	206886	186776	0.7661102068788281	2370	0.0354430379746835	184406	0.7755007971541056	15	51906	0.7970369514121681	1
Guo published	g11314	g11314.t1	JAREIK010002708.1	1635367	1688711	53345	0.7876464523385509	900	0.0	52445	0.8011631232719992	3	51867	0.809493512252492	1
Guo published	g7601	g7601.t1	JAREIK010001563.1	13225552	13358962	133411	0.7820944299945282	1152	0.0	132259	0.7889066150507716	8	51750	0.8584734299516908	1
Guo published	g7579	g7579.t1	JAREIK010001563.1	12034354	12165032	130679	0.8100765999127634	2451	0.0	128228	0.8255607199675578	9	51730	0.8053353953218635	1
Guo published	g4045	g4045.t3	JAREIK010000801.1	7462518	7570169	107652	0.8022238323486791	1626	0.039360393603936	106026	0.8139230000188633	14	51642	0.767204988187909	1
Guo published	g10195	g10195.t1	JAREIK010002323.1	2754599	2981161	226563	0.7665152738973265	1650	0.0703030303030303	224913	0.7716228052624793	19	51642	0.8083730297045041	1
Guo published	g9198	g9198.t1	JAREIK010002121.1	753510	807037	53528	0.8232140188312659	903	0.0	52625	0.8373396674584324	6	51640	0.8436289697908598	1
Guo published	g12228	g12228.t1	JAREIK010002873.1	419820	473352	53533	0.7830683877234603	1110	0.0	52423	0.7996490090227572	3	51593	0.8093152171806253	1
Guo published	g10827	g10827.t1	JAREIK010002587.1	2139440	2192900	53461	0.8293522380800957	849	0.0	52612	0.8427354976051091	4	51543	0.8602138020681761	1
Guo published	g1185	g1185.t1	JAREIK010000215.1	1287318	1453423	166106	0.814239100333522	813	0.0	165293	0.8182439667741526	4	51540	0.8378928987194412	1
Guo published	g7563	g7563.t1	JAREIK010001563.1	10476671	10659363	182693	0.8032546402982051	1686	0.0	181007	0.8107366013469093	14	51465	0.855358010298261	1
Guo published	g8659	g8659.t1	JAREIK010001983.1	347365	399205	51841	0.8136417121583303	303	0.0	51538	0.8184252396290116	2	51461	0.8196498319115446	1
Guo published	g11244	g11244.t1	JAREIK010002682.1	576743	758001	181259	0.8163898068509702	1257	0.0	180002	0.8220908656570483	9	51425	0.8026446280991736	1
Guo published	g13020	g13020.t1	JAREIK010003076.1	2125331	2243892	118562	0.7948415175182605	924	0.0	117638	0.8010846835206311	10	51425	0.8300243072435586	1
Guo published	g1867	g1867.t1	JAREIK010000357.1	4546250	4640949	94700	0.786948257655755	1608	0.0	93092	0.8005413999054699	8	51364	0.8487267346779845	1
Guo published	g11351	g11351.t3	JAREIK010002708.1	3852779	3976229	123451	0.8206899903605479	2010	0.0	121441	0.8342734331897794	13	51308	0.8900756217354019	1
Guo published	g8971	g8971.t1	JAREIK010002107.1	507827	559362	51536	0.920230518472524	231	0.0	51305	0.9243738427053894	1	51305	0.9243738427053894	1
Guo published	g749	g749.t1	JAREIK010000088.1	14160601	14239639	79039	0.8204304204253596	1275	0.0	77764	0.8338820019546319	11	51274	0.8804852361820806	1
Guo published	g19512	g19512.t2	JAREIK010007953.1	1937458	2095092	157635	0.8052589843626098	1425	0.0	156210	0.8126048268356699	13	51205	0.8315984767112586	1
Guo published	g11725	g11725.t1	JAREIK010002836.1	1461119	1516146	55028	0.8182561605001091	2394	0.0020885547201336	52634	0.8553786525819812	12	51152	0.8764075695964967	1
Guo published	g11347	g11347.t1	JAREIK010002708.1	3767726	3819786	52061	0.8592036265150497	582	0.0	51479	0.8689174226383574	5	51148	0.8745405489950732	1
Guo published	g18770	g18770.t1	JAREIK010007045.1	521106	634942	113837	0.7713924295264282	4872	0.0	108965	0.8058826228605516	13	51098	0.8756898508747896	1
Guo published	g2730	g2730.t1	JAREIK010000428.1	671469	805074	133606	0.8064982111581815	1623	0.0	131983	0.8164157505133237	16	51030	0.8537526944934353	1
Guo published	g7898	g7898.t1	JAREIK010001701.1	1102596	1241936	139341	0.8364659360848565	1431	0.0803633822501747	137910	0.8443115075048945	18	50803	0.904375725842962	1
Guo published	g21106	g21106.t2	JAREIK010009615.1	1	100577	100577	0.7728108812153872	609	0.0114942528735632	53028	0.7675944783887757	3	50695	0.7987967255153369	1
Guo published	g1235	g1235.t1	JAREIK010000231.1	331137	382540	51404	0.7596879620263014	735	0.0	50669	0.7707079279243719	1	50669	0.7707079279243719	1
Guo published	g3274	g3274.t2	JAREIK010000553.1	778999	930333	151335	0.7939075560841841	1614	0.0	149721	0.80246591994443	11	50642	0.8363413767228782	1
Guo published	g15082	g15082.t2	JAREIK010003544.1	1546199	1743454	197256	0.7484436468345703	2619	0.0129820542191676	194637	0.7583398839891696	21	50635	0.8051545373753333	1
Guo published	g11254	g11254.t1	JAREIK010002682.1	1579198	1635250	56053	0.7786559149376483	894	0.0	55159	0.7912761290088652	5	50614	0.8312917374639428	1
Guo published	g5823	g5823.t1	JAREIK010001332.1	300812	404101	103290	0.7523090328202149	1665	0.0	101625	0.7646346863468635	6	50561	0.789323787108641	1
Guo published	g14045	g14045.t1	JAREIK010003237.1	848657	902664	54008	0.8360057769219374	1101	0.0417801998183469	52907	0.8525336911939819	3	50454	0.860585880207714	1
Guo published	g11997	g11997.t1	JAREIK010002838.1	10474836	10698291	223456	0.7415867105828441	6657	0.0045065344749887	216799	0.7642193921558679	21	50434	0.8040409247729706	1
Guo published	g13638	g13638.t1	JAREIK010003190.1	618767	732504	113738	0.7914505266489652	3114	0.0224791265253693	110624	0.8130966155626266	13	50406	0.8719596873388089	1
Guo published	g2488	g2488.t1	JAREIK010000403.1	5462208	5566527	104320	0.8202645705521472	1323	0.0	102945	0.8312205546651125	18	50343	0.8918618278608744	1
Guo published	g15372	g15372.t1	JAREIK010003680.1	45710	96542	50833	0.7764050911809258	519	0.0	50314	0.7844138808283977	1	50314	0.7844138808283977	1
Guo published	g750	g750.t1	JAREIK010000088.1	14251920	14402382	150463	0.7463030778330886	1251	0.0	149212	0.75256011580838	15	50309	0.7592876026158342	1
Guo published	g3906	g3906.t1	JAREIK010000781.1	2382231	2446570	64340	0.7549580354367423	549	0.0	63791	0.7614553777178599	4	50285	0.8105995823804315	1
