representation	transcript_id	gene_id	isoform_count	cds_length_bp	pep_length_aa	cds_mod3	canonical_start_ATG	terminal_stop_codon	internal_stop_count	N_count	PEP_X_count	softmasked_lowercase_bp	softmasked_lowercase_pct_CDS	GC_pct	GC3_pct	translation_concordance	strict_complete_ORF_proxy	short_peptide_lt50aa	long_peptide_gt2000aa	very_long_peptide_gt5000aa	high_softmask_CDS_ge50pct
Guo published	g15229.t2	g15229	3	15741	5246	0	True	True	0	0	0	104	0.6606950003176418	41.91601550092116	39.22241280731847	exact	True	False	True	True	False
Guo published	g24683.t4	g24683	5	14199	4732	0	True	True	0	0	0	0	0.0	46.08775265863793	43.545320092964296	exact	True	False	True	False	False
Guo published	g12127.t3	g12127	3	13845	4614	0	True	True	0	0	0	178	1.2856626941133984	50.48031780426147	51.78764897074756	exact	True	False	True	False	False
Guo published	g7756.t1	g7756	1	13785	4594	0	True	True	0	0	0	17	0.12332245194051505	46.376496191512516	46.18063112078346	exact	True	False	True	False	False
Guo published	g24493.t1	g24493	1	13719	4572	0	False	True	0	0	0	4101	29.892849333041767	72.27932065019316	87.38246227859173	exact	False	False	True	False	False
Guo published	g28297.t1	g28297	1	13467	4488	0	True	True	0	0	0	293	2.175688720576223	69.79282691022499	87.21318779238138	exact	True	False	True	False	False
Guo published	g8452.t1	g8452	1	13227	4408	0	True	True	0	0	0	0	0.0	47.002343690935206	46.94942163755954	exact	True	False	True	False	False
Guo published	g23190.t1	g23190	1	12786	4261	0	True	True	0	0	0	0	0.0	46.58219928046301	47.114030971374945	exact	True	False	True	False	False
Guo published	g6780.t1	g6780	2	12780	4259	0	True	True	0	0	0	0	0.0	45.821596244131456	45.0	exact	True	False	True	False	False
Guo published	g1403.t1	g1403	1	12495	4164	0	True	True	0	0	0	588	4.705882352941177	49.267707082833134	49.12364945978391	exact	True	False	True	False	False
Guo published	g7508.t3	g7508	5	12474	4157	0	True	True	0	0	0	296	2.3729357062690397	39.96312329645663	33.74218374218374	exact	True	False	True	False	False
Guo published	g7344.t1	g7344	2	11382	3793	0	True	True	0	0	0	22	0.1932876471621859	40.458618871903006	36.294148655772275	exact	True	False	True	False	False
Guo published	g15980.t5	g15980	7	10647	3548	0	True	True	0	0	0	15	0.14088475626937166	42.73504273504273	40.01127078050155	exact	True	False	True	False	False
Guo published	g20217.t1	g20217	2	10593	3530	0	True	True	0	0	0	135	1.274426508071368	49.81591617105636	49.2495043896913	exact	True	False	True	False	False
Guo published	g7752.t1	g7752	1	9627	3208	0	True	True	0	0	0	0	0.0	45.933312558429414	46.24493611717046	exact	True	False	True	False	False
Guo published	g24456.t1	g24456	1	9441	3146	0	True	True	0	0	0	1787	18.928079652579175	72.16396568160152	77.59771210676836	exact	True	False	True	False	False
Guo published	g20201.t1	g20201	1	9339	3112	0	True	True	0	0	0	53	0.5675125816468573	52.179034157832746	58.14327015740443	exact	True	False	True	False	False
Guo published	g26941.t1	g26941	1	9144	3047	0	False	True	0	0	0	0	0.0	60.17060367454068	57.250656167979	exact	False	False	True	False	False
Guo published	g29526.t1	g29526	2	9033	3010	0	True	True	0	0	0	82	0.9077825750027676	49.25273995350382	53.47060777150448	exact	True	False	True	False	False
Guo published	g7755.t1	g7755	1	9024	3007	0	True	True	0	0	0	0	0.0	46.719858156028366	47.40691489361702	exact	True	False	True	False	False
Guo published	g1548.t1	g1548	1	8742	2913	0	True	True	0	0	0	0	0.0	47.666437886067264	28.6547700754976	exact	True	False	True	False	False
Guo published	g5206.t1	g5206	1	8679	2892	0	True	True	0	0	0	0	0.0	45.85781772093559	44.763221569305216	exact	True	False	True	False	False
Guo published	g12428.t1	g12428	1	8388	2795	0	True	True	0	0	0	30	0.35765379113018597	44.945159752026704	37.41058655221745	exact	True	False	True	False	False
Guo published	g28888.t1	g28888	1	8013	2670	0	True	True	0	0	0	42	0.5241482590789966	50.467989517034816	56.64545114189442	exact	True	False	True	False	False
Guo published	g28113.t1	g28113	1	7887	2628	0	True	True	0	0	0	425	5.388614175225054	51.79409154304552	54.24115633320654	exact	True	False	True	False	False
Guo published	g29517.t1	g29517	1	7863	2620	0	True	True	0	0	0	89	1.1318835050235279	44.410530331934375	42.50286150324304	exact	True	False	True	False	False
Guo published	g15816.t1	g15816	2	7830	2609	0	True	True	0	0	0	79	1.0089399744572158	44.95530012771392	42.452107279693486	exact	True	False	True	False	False
Guo published	g15208.t1	g15208	1	7758	2585	0	True	True	0	0	0	55	0.7089456045372519	44.779582366589324	47.409126063418405	exact	True	False	True	False	False
Guo published	g2379.t1	g2379	4	7737	2578	0	True	True	0	0	0	35	0.4523717203050278	42.60049114643919	39.47266382318728	exact	True	False	True	False	False
Guo published	g2920.t1	g2920	4	7692	2563	0	True	True	0	0	0	0	0.0	41.49765990639626	35.14040561622465	exact	True	False	True	False	False
Guo published	g23772.t1	g23772	1	7677	2558	0	True	True	0	0	0	0	0.0	38.29620945681907	36.88940992575225	exact	True	False	True	False	False
Guo published	g9306.t1	g9306	1	7644	2547	0	True	True	0	0	0	0	0.0	41.3134484563056	32.927786499215074	exact	True	False	True	False	False
Guo published	g12391.t4	g12391	5	7569	2522	0	True	True	0	0	0	306	4.042806183115339	48.18337957458053	47.284978200554896	exact	True	False	True	False	False
Guo published	g103.t1	g103	1	7524	2507	0	True	True	0	0	0	89	1.1828814460393409	49.0829346092504	47.32854864433812	exact	True	False	True	False	False
Guo published	g20449.t1	g20449	1	7521	2506	0	True	True	0	0	0	1985	26.392766919292647	71.7856667996277	86.7171918627842	exact	True	False	True	False	False
Guo published	g12124.t1	g12124	2	7482	2493	0	True	True	0	0	0	105	1.4033680834001603	47.47393744987971	50.400962309542905	exact	True	False	True	False	False
Guo published	g24409.t1	g24409	1	7422	2473	0	True	True	0	0	0	21	0.28294260307194824	50.61977903530046	54.48666127728375	exact	True	False	True	False	False
Guo published	g23284.t1	g23284	1	7395	2464	0	True	True	0	0	0	2496	33.75253549695741	71.9945909398242	83.00202839756592	exact	True	False	True	False	False
Guo published	g5658.t1	g5658	1	7224	2407	0	True	True	0	0	0	20	0.2768549280177187	43.978405315614616	41.7358803986711	exact	True	False	True	False	False
Guo published	g6741.t2	g6741	2	7212	2403	0	True	True	0	0	0	64	0.8874098724348308	46.64448141985579	47.12978369384359	exact	True	False	True	False	False
Guo published	g26720.t1	g26720	1	7179	2392	0	True	True	0	0	0	0	0.0	64.84189998607049	80.81905557877141	exact	True	False	True	False	False
Guo published	g8439.t1	g8439	1	7179	2392	0	True	True	0	0	0	0	0.0	46.49672656358825	46.55244463017133	exact	True	False	True	False	False
Guo published	g3904.t2	g3904	2	7173	2390	0	True	True	0	0	0	31	0.43217621636693154	48.891677122542866	48.64073609368465	exact	True	False	True	False	False
Guo published	g6194.t1	g6194	2	7125	2374	0	True	True	0	0	0	26	0.3649122807017544	47.382456140350875	48.126315789473686	exact	True	False	True	False	False
Guo published	g22980.t2	g22980	2	7101	2366	0	True	True	0	0	0	7	0.09857766511758907	54.95000704126179	61.00549218419941	exact	True	False	True	False	False
Guo published	g6237.t2	g6237	4	7017	2338	0	True	True	0	0	0	0	0.0	44.548952543822146	44.07866609662249	exact	True	False	True	False	False
Guo published	g3662.t1	g3662	1	6996	2331	0	True	True	0	0	0	178	2.5443110348770728	42.467124070897654	34.09090909090909	exact	True	False	True	False	False
Guo published	g10818.t1	g10818	2	6978	2325	0	True	True	0	0	0	31	0.44425336772714247	50.25795356835769	52.45055889939811	exact	True	False	True	False	False
Guo published	g10331.t1	g10331	1	6924	2307	0	True	True	0	0	0	158	2.2819179664933564	45.50837666088966	44.107452339688045	exact	True	False	True	False	False
Guo published	g26963.t1	g26963	1	6924	2307	0	True	True	0	0	0	1637	23.642403235124206	71.894858463316	77.81629116117851	exact	True	False	True	False	False
Guo published	g12718.t1	g12718	1	6834	2277	0	True	True	0	0	0	208	3.0436055019022534	73.60257535850161	87.84021071115014	exact	True	False	True	False	False
Guo published	g21520.t1	g21520	1	6774	2257	0	False	True	0	0	0	2605	38.455860643637436	73.50162385591969	87.68821966341895	exact	False	False	True	False	False
Guo published	g2888.t1	g2888	1	6726	2241	0	True	True	0	0	0	19	0.2824858757062147	41.74843889384478	34.96877787689563	exact	True	False	True	False	False
Guo published	g10457.t1	g10457	3	6720	2239	0	True	True	0	0	0	0	0.0	45.19345238095238	41.205357142857146	exact	True	False	True	False	False
Guo published	g26146.t1	g26146	1	6717	2238	0	True	True	0	0	0	417	6.208128628852166	46.717284502009825	43.32291201429209	exact	True	False	True	False	False
Guo published	g4950.t1	g4950	3	6666	2221	0	True	True	0	0	0	277	4.155415541554156	43.03930393039304	35.05850585058506	exact	True	False	True	False	False
Guo published	g11997.t1	g11997	1	6657	2218	0	True	True	0	0	0	30	0.45065344749887337	40.64894096439838	33.70887787291573	exact	True	False	True	False	False
Guo published	g17487.t1	g17487	1	6612	2203	0	True	True	0	0	0	0	0.0	46.71808832425892	49.50090744101633	exact	True	False	True	False	False
Guo published	g23329.t2	g23329	4	6573	2190	0	True	True	0	0	0	189	2.8753993610223643	50.49444698006998	44.9109995435874	exact	True	False	True	False	False
Guo published	g21968.t1	g21968	1	6540	2179	0	True	True	0	0	0	144	2.2018348623853212	37.920489296636084	36.8348623853211	exact	True	False	True	False	False
Guo published	g12467.t1	g12467	3	6528	2175	0	True	True	0	0	0	0	0.0	44.14828431372549	41.59007352941177	exact	True	False	True	False	False
Guo published	g17188.t1	g17188	1	6522	2173	0	True	True	0	0	0	2578	39.527752223244406	74.14903403863845	93.65225390984361	exact	True	False	True	False	False
Guo published	g22569.t1	g22569	1	6522	2173	0	True	True	0	0	0	24	0.36798528058877644	56.010426249616685	71.8491260349586	exact	True	False	True	False	False
Guo published	g25006.t1	g25006	1	6513	2170	0	True	True	0	0	0	0	0.0	47.15185014586212	47.07508060801474	exact	True	False	True	False	False
Guo published	g22562.t1	g22562	1	6507	2168	0	True	True	0	0	0	20	0.3073613032119256	46.15029967727063	45.8736745043799	exact	True	False	True	False	False
Guo published	g19767.t1	g19767	1	6483	2160	0	True	True	0	0	0	0	0.0	48.55776646614222	46.22859787135585	exact	True	False	True	False	False
Guo published	g70.t4	g70	5	6432	2143	0	True	True	0	0	0	75	1.166044776119403	46.62624378109453	47.29477611940298	exact	True	False	True	False	False
Guo published	g25410.t1	g25410	2	6426	2141	0	True	True	0	0	0	728	11.328976034858387	50.700280112044815	53.36134453781513	exact	True	False	True	False	False
Guo published	g20579.t1	g20579	1	6333	2110	0	True	True	0	0	0	2573	40.628454129164695	74.37233538607295	94.93131217432496	exact	True	False	True	False	False
Guo published	g12398.t1	g12398	3	6312	2103	0	True	True	0	0	0	146	2.3130544993662863	49.58808618504436	51.52091254752852	exact	True	False	True	False	False
Guo published	g13537.t2	g13537	2	6291	2096	0	True	True	0	0	0	0	0.0	41.69448418375457	41.48783977110158	exact	True	False	True	False	False
Guo published	g2880.t1	g2880	2	6291	2096	0	True	True	0	0	0	0	0.0	47.16261325703386	41.15402956604673	exact	True	False	True	False	False
Guo published	g9070.t5	g9070	5	6249	2082	0	True	True	0	0	0	0	0.0	43.01488238118099	37.78204512722036	exact	True	False	True	False	False
Guo published	g3847.t1	g3847	1	6246	2081	0	True	True	0	0	0	72	1.1527377521613833	51.98527057316683	54.65898174831892	exact	True	False	True	False	False
Guo published	g4141.t1	g4141	2	6231	2076	0	True	True	0	0	0	183	2.936928261916225	43.925533622211525	45.1131439576312	exact	True	False	True	False	False
Guo published	g12681.t1	g12681	1	6207	2068	0	True	True	0	0	0	93	1.4983083615273078	48.413082004188816	49.057515708071534	exact	True	False	True	False	False
Guo published	g27302.t1	g27302	1	6195	2064	0	False	True	0	0	0	1633	26.35996771589992	72.26795803066989	80.33898305084746	exact	False	False	True	False	False
Guo published	g26718.t1	g26718	1	6183	2060	0	True	True	0	0	0	0	0.0	64.01423257318454	72.97428432799612	exact	True	False	True	False	False
Guo published	g8770.t3	g8770	3	6171	2056	0	True	True	0	0	0	39	0.6319883325230918	43.979906011991574	39.134662129314535	exact	True	False	True	False	False
Guo published	g25872.t1	g25872	1	6171	2056	0	True	True	0	0	0	82	1.3287959812023984	51.49894668611246	59.60136120563928	exact	True	False	True	False	False
Guo published	g17019.t2	g17019	2	6162	2053	0	True	True	0	0	0	46	0.7465108730931516	48.16617981174943	45.86173320350535	exact	True	False	True	False	False
Guo published	g17005.t1	g17005	1	6102	2033	0	True	True	0	0	0	37	0.6063585709603408	47.427073090789904	45.1819075712881	exact	True	False	True	False	False
Guo published	g23188.t1	g23188	1	6048	2015	0	False	True	0	0	0	48	0.7936507936507936	46.26322751322751	44.692460317460316	exact	False	False	True	False	False
Guo published	g10866.t4	g10866	4	6039	2012	0	True	True	0	0	0	29	0.4802119556217917	43.51713859910581	36.91008445106806	exact	True	False	True	False	False
Guo published	g375.t1	g375	1	6033	2010	0	True	True	0	0	0	126	2.08851317752362	49.52759820984585	59.42317255096967	exact	True	False	True	False	False
Guo published	g27218.t1	g27218	1	6027	2008	0	True	True	0	0	0	119	1.9744483159117305	47.91770366683259	44.599303135888505	exact	True	False	True	False	False
Guo published	g9346.t3	g9346	6	6015	2004	0	True	True	0	0	0	0	0.0	38.53699085619285	35.16209476309227	exact	True	False	True	False	False
Guo published	g13952.t2	g13952	3	6006	2001	0	True	True	0	0	0	78	1.2987012987012987	45.97069597069597	42.857142857142854	exact	True	False	True	False	False
Guo published	g8355.t1	g8355	4	5997	1998	0	True	True	0	0	0	0	0.0	41.40403535100884	38.11905952976488	exact	True	False	False	False	False
Guo published	g26687.t1	g26687	1	5994	1997	0	True	True	0	0	0	0	0.0	63.16316316316316	77.42742742742743	exact	True	False	False	False	False
Guo published	g7893.t3	g7893	4	5973	1990	0	True	True	0	0	0	0	0.0	39.87945755901557	34.15369161225515	exact	True	False	False	False	False
Guo published	g19812.t2	g19812	2	5967	1988	0	True	True	0	0	0	29	0.48600636835930955	45.34942182001006	49.22071392659628	exact	True	False	False	False	False
Guo published	g28947.t1	g28947	2	5958	1985	0	True	True	0	0	0	0	0.0	41.18831822759315	38.01611278952669	exact	True	False	False	False	False
Guo published	g27278.t1	g27278	1	5937	1978	0	True	True	0	0	0	17	0.28633990230756273	46.31969007916456	47.043961596766046	exact	True	False	False	False	False
Guo published	g12692.t1	g12692	1	5937	1978	0	True	True	0	0	0	1159	19.521643927909718	49.957891190837124	58.969176351692774	exact	True	False	False	False	False
Guo published	g1214.t1	g1214	1	5916	1971	0	True	True	0	0	0	67	1.132521974306964	48.34347532116295	45.94320486815416	exact	True	False	False	False	False
Guo published	g3508.t1	g3508	3	5916	1971	0	True	True	0	0	0	0	0.0	46.70385395537525	48.782961460446245	exact	True	False	False	False	False
Guo published	g11670.t1	g11670	1	5913	1970	0	True	True	0	0	0	5	0.08455944529003889	43.75105699306612	44.44444444444444	exact	True	False	False	False	False
Guo published	g24992.t1	g24992	1	5907	1968	0	False	True	0	0	0	143	2.4208566108007448	74.21703064161164	93.04215337734891	exact	False	False	False	False	False
Guo published	g24034.t1	g24034	5	5904	1967	0	True	True	0	0	0	3	0.0508130081300813	40.548780487804876	34.298780487804876	exact	True	False	False	False	False
Cai fixed-on-Guo	g7913.t1	g7913	1	26730	8909	0	True	True	0	0	0	17	0.06359895248784138	46.10549943883277	46.26262626262626	exact	True	False	True	True	False
Cai fixed-on-Guo	g15545.t2	g15545	2	15609	5202	0	True	True	0	0	0	151	0.9673906079825741	41.86687167659684	39.24658850663079	exact	True	False	True	True	False
Cai fixed-on-Guo	g24973.t2	g24973	4	14238	4745	0	True	True	0	0	0	0	0.0	46.34077819918528	43.59460598398651	exact	True	False	True	False	False
Cai fixed-on-Guo	g12397.t1	g12397	3	13503	4500	0	True	True	0	0	0	521	3.8584018366288975	50.55913500703547	51.944012441679625	exact	True	False	True	False	False
Cai fixed-on-Guo	g28496.t1	g28496	1	13410	4469	0	True	True	0	0	0	293	2.1849366144668156	69.82102908277405	87.15883668903803	exact	True	False	True	False	False
Cai fixed-on-Guo	g27491.t1	g27491	1	13008	4335	0	True	True	0	0	0	17	0.1306888068880689	46.16389913899139	47.117158671586715	exact	True	False	True	False	False
Cai fixed-on-Guo	g7690.t3	g7690	3	12777	4258	0	True	True	0	0	0	506	3.960241058151366	40.565077874305395	34.0455505987321	exact	True	False	True	False	False
Cai fixed-on-Guo	g1452.t1	g1452	1	12456	4151	0	True	True	0	0	0	561	4.503853564547206	49.28548490687219	49.10886319845857	exact	True	False	True	False	False
Cai fixed-on-Guo	g20892.t1	g20892	1	12321	4106	0	False	True	0	0	0	3915	31.775018261504748	71.28479831182534	85.65863160457755	exact	False	False	True	False	False
Cai fixed-on-Guo	g23568.t1	g23568	1	11769	3922	0	True	True	0	0	0	0	0.0	46.39306653071629	46.64797348967627	exact	True	False	True	False	False
Cai fixed-on-Guo	g20993.t1	g20993	1	11541	3846	0	True	True	0	0	0	4348	37.67437830343991	72.13413049129191	84.87132830777229	exact	True	False	True	False	False
Cai fixed-on-Guo	g20642.t2	g20642	3	11448	3815	0	True	True	0	0	0	82	0.716282320055905	52.00034940600978	57.10167714884696	exact	True	False	True	False	False
Cai fixed-on-Guo	g28987.t2	g28987	4	11412	3803	0	True	True	0	0	0	74	0.6484402383456012	51.63862600771118	59.91062039957939	exact	True	False	True	False	False
Cai fixed-on-Guo	g7506.t1	g7506	2	11382	3793	0	True	True	0	0	0	22	0.1932876471621859	40.44983306975927	36.294148655772275	exact	True	False	True	False	False
Cai fixed-on-Guo	g5353.t1	g5353	1	11022	3673	0	True	True	0	0	0	0	0.0	46.32553075666848	45.4817637452368	exact	True	False	True	False	False
Cai fixed-on-Guo	g27116.t1	g27116	1	10677	3558	0	True	True	0	0	0	3383	31.68493022384565	72.63276201180106	82.01742062377072	exact	True	False	True	False	False
Cai fixed-on-Guo	g23564.t1	g23564	1	10617	3538	0	False	True	0	0	0	52	0.48978054064236604	46.256004521051146	45.86041254591692	exact	False	False	True	False	False
Cai fixed-on-Guo	g6927.t1	g6927	1	10584	3527	0	True	True	0	0	0	0	0.0	45.37981859410431	43.96258503401361	exact	True	False	True	False	False
Cai fixed-on-Guo	g7911.t1	g7911	1	10494	3497	0	True	True	0	0	0	0	0.0	45.740423098913666	45.911949685534594	exact	True	False	True	False	False
Cai fixed-on-Guo	g20500.t1	g20500	1	10410	3469	0	False	True	0	0	0	0	0.0	46.416906820365035	46.023054755043226	exact	False	False	True	False	False
Cai fixed-on-Guo	g23572.t1	g23572	1	9597	3198	0	True	True	0	0	0	0	0.0	45.91018026466604	45.23288527664895	exact	True	False	True	False	False
Cai fixed-on-Guo	g24755.t1	g24755	1	9438	3145	0	True	True	0	0	0	1899	20.120788302606485	71.99618563254927	80.29243483788939	exact	True	False	True	False	False
Cai fixed-on-Guo	g22284.t1	g22284	1	9384	3127	0	True	True	0	0	0	63	0.6713554987212276	46.31287297527707	46.00383631713555	exact	True	False	True	False	False
Cai fixed-on-Guo	g27088.t1	g27088	1	9144	3047	0	False	True	0	0	0	0	0.0	60.17060367454068	57.250656167979	exact	False	False	True	False	False
Cai fixed-on-Guo	g1591.t1	g1591	2	9114	3037	0	True	True	0	0	0	0	0.0	47.42154926486724	29.163923633969716	exact	True	False	True	False	False
Cai fixed-on-Guo	g29608.t1	g29608	2	9027	3008	0	True	True	0	0	0	110	1.2185665226542595	49.241165392710755	53.439680957128616	exact	True	False	True	False	False
Cai fixed-on-Guo	g16344.t2	g16344	2	8736	2911	0	True	True	0	0	0	14	0.16025641025641027	41.895604395604394	38.70192307692308	exact	True	False	True	False	False
Cai fixed-on-Guo	g25006.t1	g25006	1	8670	2889	0	True	True	0	0	0	21	0.2422145328719723	46.12456747404844	45.46712802768166	exact	True	False	True	False	False
Cai fixed-on-Guo	g26972.t1	g26972	1	8655	2884	0	False	True	0	0	0	71	0.8203350664355864	46.89774696707106	45.75389948006932	exact	False	False	True	False	False
Cai fixed-on-Guo	g25274.t1	g25274	1	8529	2842	0	True	True	0	0	0	31	0.3634658224879822	45.843592449290654	46.39465353499824	exact	True	False	True	False	False
Cai fixed-on-Guo	g5801.t1	g5801	1	8346	2781	0	True	True	0	0	0	151	1.8092499400910615	45.00359453630482	42.34363767074048	exact	True	False	True	False	False
Cai fixed-on-Guo	g26818.t1	g26818	1	8181	2726	0	True	True	0	0	0	0	0.0	64.83314998166483	80.52805280528052	exact	True	False	True	False	False
Cai fixed-on-Guo	g25722.t1	g25722	1	7935	2644	0	True	True	0	0	0	21	0.2646502835538752	46.08695652173913	46.351606805293	exact	True	False	True	False	False
Cai fixed-on-Guo	g15519.t1	g15519	1	7824	2607	0	True	True	0	0	0	58	0.7413087934560327	44.81083844580777	47.622699386503065	exact	True	False	True	False	False
Cai fixed-on-Guo	g29599.t1	g29599	2	7821	2606	0	True	True	0	0	0	89	1.1379618974555683	44.3421557345608	42.27080935941695	exact	True	False	True	False	False
Cai fixed-on-Guo	g28925.t1	g28925	1	7764	2587	0	True	True	0	0	0	21	0.2704791344667697	46.17465224111283	46.097372488408034	exact	True	False	True	False	False
Cai fixed-on-Guo	g3012.t1	g3012	4	7749	2582	0	True	True	0	0	0	0	0.0	41.48922441605369	35.152922957801	exact	True	False	True	False	False
Cai fixed-on-Guo	g20267.t2	g20267	2	7722	2573	0	True	True	0	0	0	29	0.37555037555037557	44.483294483294486	47.2027972027972	exact	True	False	True	False	False
Cai fixed-on-Guo	g7462.t1	g7462	1	7662	2553	0	True	True	0	0	0	17	0.22187418428608718	46.1628817541112	45.77133907595928	exact	True	False	True	False	False
Cai fixed-on-Guo	g12687.t1	g12687	1	7650	2549	0	True	True	0	0	0	30	0.39215686274509803	44.90196078431372	36.86274509803921	exact	True	False	True	False	False
Cai fixed-on-Guo	g9508.t1	g9508	1	7644	2547	0	True	True	0	0	0	0	0.0	41.339612768184196	32.967032967032964	exact	True	False	True	False	False
Cai fixed-on-Guo	g15262.t1	g15262	5	7626	2541	0	True	True	0	0	0	40	0.5245213742460005	47.5609756097561	47.44295830055075	exact	True	False	True	False	False
Cai fixed-on-Guo	g2450.t1	g2450	4	7572	2523	0	True	True	0	0	0	35	0.46222926571579503	42.432646592709986	39.26307448494453	exact	True	False	True	False	False
Cai fixed-on-Guo	g20661.t1	g20661	1	7548	2515	0	True	True	0	0	0	241	3.192898781134075	52.04027556968733	52.86168521462639	exact	True	False	True	False	False
Cai fixed-on-Guo	g102.t1	g102	1	7521	2506	0	True	True	0	0	0	82	1.0902805477994948	49.11580906794309	47.34742720382928	exact	True	False	True	False	False
Cai fixed-on-Guo	g16149.t2	g16149	3	7518	2505	0	True	True	0	0	0	75	0.9976057462090981	44.37350359138069	41.420590582601754	exact	True	False	True	False	False
Cai fixed-on-Guo	g24785.t1	g24785	1	7503	2500	0	True	True	0	0	0	2072	27.615620418499265	71.82460349193656	84.36625349860056	exact	True	False	True	False	False
Cai fixed-on-Guo	g1607.t1	g1607	4	7449	2482	0	True	True	0	0	0	101	1.3558866962008322	51.18807893677003	53.6045106725735	exact	True	False	True	False	False
Cai fixed-on-Guo	g24699.t1	g24699	2	7416	2471	0	True	True	0	0	0	25	0.337108953613808	50.620280474649405	54.49029126213592	exact	True	False	True	False	False
Cai fixed-on-Guo	g11934.t1	g11934	3	7413	2470	0	True	True	0	0	0	17	0.22932685822204235	40.18615944961554	37.39376770538244	exact	True	False	True	False	False
Cai fixed-on-Guo	g1247.t1	g1247	1	7410	2469	0	True	True	0	0	0	117	1.5789473684210527	47.719298245614034	46.072874493927124	exact	True	False	True	False	False
Cai fixed-on-Guo	g6897.t2	g6897	2	7380	2459	0	True	True	0	0	0	23	0.3116531165311653	46.54471544715447	47.03252032520325	exact	True	False	True	False	False
Cai fixed-on-Guo	g4028.t2	g4028	2	7344	2447	0	True	True	0	0	0	31	0.42211328976034856	48.8562091503268	48.89705882352941	exact	True	False	True	False	False
Cai fixed-on-Guo	g5079.t1	g5079	2	7173	2390	0	True	True	0	0	0	416	5.799526000278823	43.74738603094939	36.17733166039314	exact	True	False	True	False	False
Cai fixed-on-Guo	g12728.t1	g12728	2	7107	2368	0	True	True	0	0	0	0	0.0	43.6048965808358	42.085268045588855	exact	True	False	True	False	False
Cai fixed-on-Guo	g6385.t2	g6385	3	7056	2351	0	True	True	0	0	0	0	0.0	44.50113378684807	44.175170068027214	exact	True	False	True	False	False
Cai fixed-on-Guo	g11063.t1	g11063	2	6990	2329	0	True	True	0	0	0	52	0.7439198855507868	50.400572246065806	52.78969957081545	exact	True	False	True	False	False
Cai fixed-on-Guo	g8955.t2	g8955	3	6984	2327	0	True	True	0	0	0	65	0.9306987399770905	43.27033218785796	38.187285223367695	exact	True	False	True	False	False
Cai fixed-on-Guo	g23364.t3	g23364	3	6960	2319	0	True	True	0	0	0	2	0.028735632183908046	55.043103448275865	61.33620689655172	exact	True	False	True	False	False
Cai fixed-on-Guo	g14012.t2	g14012	2	6960	2319	0	True	True	0	0	0	86	1.235632183908046	41.839080459770116	36.077586206896555	exact	True	False	True	False	False
Cai fixed-on-Guo	g6338.t1	g6338	1	6912	2303	0	True	True	0	0	0	26	0.3761574074074074	47.10648148148148	48.09027777777778	exact	True	False	True	False	False
Cai fixed-on-Guo	g5619.t3	g5619	3	6897	2298	0	True	True	0	0	0	166	2.4068435551689142	41.30781499202552	34.75424097433667	exact	True	False	True	False	False
Cai fixed-on-Guo	g4240.t1	g4240	2	6885	2294	0	True	True	0	0	0	15	0.2178649237472767	42.90486564996369	41.39433551198257	exact	True	False	True	False	False
Cai fixed-on-Guo	g23948.t1	g23948	1	6837	2278	0	False	True	0	0	0	240	3.5103115401491882	49.89030276437034	45.458534444931985	exact	False	False	True	False	False
Cai fixed-on-Guo	g22372.t1	g22372	1	6837	2278	0	True	True	0	0	0	237	3.4664326458973234	38.1161328067866	37.12154453707767	exact	True	False	True	False	False
Cai fixed-on-Guo	g7383.t1	g7383	2	6792	2263	0	True	True	0	0	0	0	0.0	44.110718492343935	37.85335689045937	exact	True	False	True	False	False
Cai fixed-on-Guo	g21913.t1	g21913	1	6789	2262	0	False	True	0	0	0	2615	38.51819119163353	73.5896302842834	87.84798939460893	exact	False	False	True	False	False
Cai fixed-on-Guo	g12998.t1	g12998	1	6777	2258	0	True	True	0	0	0	759	11.199645861000443	42.865574738084696	45.19698981850376	exact	True	False	True	False	False
Cai fixed-on-Guo	g2977.t1	g2977	1	6726	2241	0	True	True	0	0	0	19	0.2824858757062147	41.76330657151353	34.92417484388938	exact	True	False	True	False	False
Cai fixed-on-Guo	g10694.t1	g10694	1	6720	2239	0	True	True	0	0	0	0	0.0	45.208333333333336	41.205357142857146	exact	True	False	True	False	False
Cai fixed-on-Guo	g9275.t4	g9275	4	6672	2223	0	True	True	0	0	0	0	0.0	43.01558752997602	38.444244604316545	exact	True	False	True	False	False
Cai fixed-on-Guo	g27433.t1	g27433	1	6648	2215	0	True	True	0	0	0	240	3.6101083032490973	48.13477737665463	44.90072202166065	exact	True	False	True	False	False
Cai fixed-on-Guo	g12257.t1	g12257	1	6609	2202	0	True	True	0	0	0	30	0.45392646391284613	40.641549402330156	33.726736268724466	exact	True	False	True	False	False
Cai fixed-on-Guo	g20215.t1	g20215	1	6597	2198	0	True	True	0	0	0	0	0.0	48.43110504774898	46.066393815370624	exact	True	False	True	False	False
Cai fixed-on-Guo	g1690.t1	g1690	2	6558	2185	0	True	True	0	0	0	373	5.68770966758158	46.93504117108875	44.05306495882891	exact	True	False	True	False	False
Cai fixed-on-Guo	g22976.t1	g22976	1	6543	2180	0	True	True	0	0	0	20	0.3056701818737582	46.18676448112487	45.988078862906924	exact	True	False	True	False	False
Cai fixed-on-Guo	g22982.t1	g22982	1	6528	2175	0	True	True	0	0	0	24	0.36764705882352944	55.974264705882355	71.875	exact	True	False	True	False	False
Cai fixed-on-Guo	g12977.t1	g12977	1	6519	2172	0	True	True	0	0	0	2359	36.18653167663752	73.67694431661297	92.91302346985734	exact	True	False	True	False	False
Cai fixed-on-Guo	g12644.t4	g12644	4	6495	2164	0	True	True	0	0	0	301	4.634334103156274	49.19168591224018	48.49884526558891	exact	True	False	True	False	False
Cai fixed-on-Guo	g21188.t1	g21188	1	6468	2155	0	True	True	0	0	0	21	0.3246753246753247	45.73283858998145	44.43413729128015	exact	True	False	True	False	False
Cai fixed-on-Guo	g17571.t1	g17571	1	6465	2154	0	False	True	0	0	0	2434	37.648878576952825	73.81283836040217	92.90023201856148	exact	False	False	True	False	False
Cai fixed-on-Guo	g8620.t1	g8620	1	6459	2152	0	True	True	0	0	0	0	0.0	46.27651339216597	45.47143520668834	exact	True	False	True	False	False
Cai fixed-on-Guo	g25620.t1	g25620	1	6441	2146	0	True	True	0	0	0	723	11.224965067536097	50.70641204781866	53.469958081043316	exact	True	False	True	False	False
Cai fixed-on-Guo	g27527.t1	g27527	1	6342	2113	0	False	True	0	0	0	1887	29.754020813623463	72.24850204982656	79.61210974456007	exact	False	False	True	False	False
Cai fixed-on-Guo	g23646.t1	g23646	1	6312	2103	0	True	True	0	0	0	1281	20.29467680608365	72.90874524714829	87.54752851711027	exact	True	False	True	False	False
Cai fixed-on-Guo	g10997.t1	g10997	1	6303	2100	0	True	True	0	0	0	187	2.966841186736475	46.16849119466921	43.64588291289862	exact	True	False	True	False	False
Cai fixed-on-Guo	g13843.t2	g13843	2	6291	2096	0	True	True	0	0	0	0	0.0	41.77396280400572	41.678588459704336	exact	True	False	True	False	False
Cai fixed-on-Guo	g26816.t1	g26816	1	6291	2096	0	True	True	0	0	0	34	0.5404546177078365	63.83722778572564	72.15069146399618	exact	True	False	True	False	False
Cai fixed-on-Guo	g2968.t1	g2968	2	6291	2096	0	True	True	0	0	0	0	0.0	47.178508981084086	41.15402956604673	exact	True	False	True	False	False
Cai fixed-on-Guo	g12473.t1	g12473	1	6282	2093	0	True	True	0	0	0	122	1.942056669850366	47.9624323463865	50.90735434574976	exact	True	False	True	False	False
Cai fixed-on-Guo	g4275.t2	g4275	3	6237	2078	0	True	True	0	0	0	155	2.4851691518358185	43.722943722943725	45.214045214045214	exact	True	False	True	False	False
Cai fixed-on-Guo	g12700.t1	g12700	1	6213	2070	0	True	True	0	0	0	7	0.1126669885723483	48.76871076774505	53.355866731047804	exact	True	False	True	False	False
Cai fixed-on-Guo	g24698.t1	g24698	1	6201	2066	0	True	True	0	0	0	0	0.0	53.16884373488147	57.57135945815191	exact	True	False	True	False	False
Cai fixed-on-Guo	g28756.t1	g28756	1	6183	2060	0	True	True	0	0	0	0	0.0	39.39835031538088	37.94274623968947	exact	True	False	True	False	False
Cai fixed-on-Guo	g17886.t1	g17886	1	6159	2052	0	True	True	0	0	0	0	0.0	46.452346160090926	48.36824159766196	exact	True	False	True	False	False
Cai fixed-on-Guo	g21688.t1	g21688	1	6102	2033	0	True	True	0	0	0	0	0.0	46.4110127826942	45.968534906588005	exact	True	False	True	False	False
Cai fixed-on-Guo	g17410.t1	g17410	3	6090	2029	0	True	True	0	0	0	37	0.6075533661740559	47.4384236453202	45.12315270935961	exact	True	False	True	False	False
Cai fixed-on-Guo	g13352.t1	g13352	2	6075	2024	0	True	True	0	0	0	105	1.728395061728395	50.81481481481482	55.80246913580247	exact	True	False	True	False	False
Cai fixed-on-Guo	g2016.t4	g2016	4	6072	2023	0	True	True	0	0	0	44	0.7246376811594203	45.66864295125165	47.87549407114624	exact	True	False	True	False	False
Cai fixed-on-Guo	g13002.t1	g13002	1	6069	2022	0	True	True	0	0	0	151	2.4880540451474706	49.99176141044653	52.64458724666337	exact	True	False	True	False	False
Cai min1250	g11494.t3	g11494	3	13629	4542	0	True	True	0	0	0	74	0.5429598649937633	50.53929121725732	51.72793308386529	exact	True	False	True	False	False
Cai min1250	g1854.t3	g1854	4	12642	4213	0	True	True	0	0	0	387	3.061224489795918	40.08068343616517	33.79212149976269	exact	True	False	True	False	False
Cai min1250	g6829.t2	g6829	3	11973	3990	0	True	True	0	0	0	0	0.0	40.892007015785516	39.338511651215235	exact	True	False	True	False	False
Cai min1250	g9861.t1	g9861	2	11382	3793	0	True	True	0	0	0	22	0.1932876471621859	40.44104726761553	36.32050606220348	exact	True	False	True	False	False
Cai min1250	g7160.t1	g7160	1	10896	3631	0	True	True	0	10	4	84	0.7709251101321586	37.22212015432666	32.29539818131717	exact	False	False	True	False	False
Cai min1250	g4460.t1	g4460	2	10584	3527	0	True	True	0	0	0	0	0.0	45.37981859410431	43.96258503401361	exact	True	False	True	False	False
Cai min1250	g10558.t2	g10558	3	9939	3312	0	True	True	0	0	0	0	0.0	47.721098702082706	47.992755810443704	exact	True	False	True	False	False
Cai min1250	g11573.t1	g11573	2	9033	3010	0	True	True	0	0	0	104	1.1513339975644858	49.26381047271117	53.57024244437064	exact	True	False	True	False	False
Cai min1250	g3378.t2	g3378	3	8643	2880	0	True	True	0	0	0	0	0.0	41.987735739905126	38.80597014925373	exact	True	False	True	False	False
Cai min1250	g5109.t2	g5109	6	8637	2878	0	True	True	0	0	0	41	0.47470186407317355	46.28922079425727	46.23133032302883	exact	True	False	True	False	False
Cai min1250	g5138.t2	g5138	2	8112	2703	0	True	True	0	0	0	165	2.0340236686390534	47.25098619329388	46.07988165680474	exact	True	False	True	False	False
Cai min1250	g6889.t1	g6889	4	8031	2676	0	True	True	0	0	0	87	1.0833022039596563	40.06972979703648	34.29211804258498	exact	True	False	True	False	False
Cai min1250	g52.t2	g52	4	8025	2674	0	True	True	0	0	0	23	0.2866043613707165	42.205607476635514	36.97196261682243	exact	True	False	True	False	False
Cai min1250	g9589.t1	g9589	1	7989	2662	0	True	True	0	0	0	53	0.663412191763675	52.2593566153461	56.7780698460383	exact	True	False	True	False	False
Cai min1250	g3929.t1	g3929	1	7974	2657	0	True	True	0	0	0	67	0.8402307499372962	50.42638575369952	56.395786305492855	exact	True	False	True	False	False
Cai min1250	g22.t1	g22	1	7854	2617	0	True	True	0	0	0	278	3.539597657244716	51.70613700025465	54.01069518716577	exact	True	False	True	False	False
Cai min1250	g6803.t1	g6803	1	7833	2610	0	True	True	0	0	0	85	1.0851525596833909	45.00191497510532	47.52968211413252	exact	True	False	True	False	False
Cai min1250	g10751.t1	g10751	5	7755	2584	0	True	True	0	0	0	35	0.4513217279174726	42.66924564796905	39.61315280464217	exact	True	False	True	False	False
Cai min1250	g3795.t2	g3795	2	7707	2568	0	True	True	0	0	0	51	0.6617360840794083	44.45309458933437	47.216815881666015	exact	True	False	True	False	False
Cai min1250	g5350.t1	g5350	4	7671	2556	0	True	True	0	0	0	0	0.0	41.33750488854126	35.04106374657802	exact	True	False	True	False	False
Cai min1250	g6389.t1	g6389	1	7650	2549	0	True	True	0	0	0	223	2.915032679738562	44.888888888888886	36.8235294117647	exact	True	False	True	False	False
Cai min1250	g6651.t1	g6651	1	7644	2547	0	True	True	0	0	0	0	0.0	41.339612768184196	32.967032967032964	exact	True	False	True	False	False
Cai min1250	g2358.t1	g2358	3	7620	2539	0	True	True	0	0	0	0	0.0	43.32020997375328	36.41732283464567	exact	True	False	True	False	False
Cai min1250	g2303.t1	g2303	1	7572	2523	0	True	True	0	0	0	0	0.0	45.2324352879028	36.88589540412045	exact	True	False	True	False	False
Cai min1250	g5743.t1	g5743	2	7509	2502	0	True	True	0	0	0	259	3.449194300173126	49.647090158476495	47.50299640431482	exact	True	False	True	False	False
Cai min1250	g11497.t1	g11497	2	7506	2501	0	True	True	0	0	0	100	1.332267519317879	47.45536903810285	50.319744204636294	exact	True	False	True	False	False
Cai min1250	g13621.t1	g13621	1	7479	2492	0	True	True	0	0	0	1465	19.588180237999733	37.98636181307661	27.156036903329323	exact	True	False	True	False	False
Cai min1250	g12666.t1	g12666	4	7377	2458	0	True	True	0	0	0	0	0.0	40.15182323437712	37.61691744611631	exact	True	False	True	False	False
Cai min1250	g8527.t1	g8527	1	7275	2424	0	True	True	0	0	0	491	6.74914089347079	43.86254295532646	36.20618556701031	exact	True	False	True	False	False
Cai min1250	g7771.t7	g7771	9	7266	2421	0	True	True	0	0	0	49	0.674373795761079	45.27938342967245	42.40297274979356	exact	True	False	True	False	False
Cai min1250	g4265.t1	g4265	2	7107	2368	0	True	True	0	0	0	31	0.43618967215421417	50.24623610524835	52.25833685099198	exact	True	False	True	False	False
Cai min1250	g3229.t1	g3229	3	7047	2348	0	True	True	0	0	0	0	0.0	44.52958705832269	44.146445295870585	exact	True	False	True	False	False
Cai min1250	g5314.t1	g5314	1	6900	2299	0	True	True	0	0	0	19	0.2753623188405797	41.69565217391305	34.95652173913044	exact	True	False	True	False	False
Cai min1250	g11259.t1	g11259	1	6873	2290	0	True	True	0	0	0	0	0.0	46.48625054561327	47.83937145351375	exact	True	False	True	False	False
Cai min1250	g1447.t2	g1447	2	6816	2271	0	True	True	0	0	0	0	0.0	55.12030516431925	61.53169014084507	exact	True	False	True	False	False
Cai min1250	g4341.t1	g4341	1	6720	2239	0	True	True	0	0	0	0	0.0	45.208333333333336	41.205357142857146	exact	True	False	True	False	False
Cai min1250	g6425.t1	g6425	2	6666	2221	0	True	True	0	0	0	3	0.045004500450045004	43.54935493549355	41.17911791179118	exact	True	False	True	False	False
Cai min1250	g12345.t1	g12345	2	6582	2193	0	True	True	0	0	0	106	1.6104527499240353	49.939228198116076	52.18778486782133	exact	True	False	True	False	False
Cai min1250	g13278.t1	g13278	1	6528	2175	0	True	True	0	0	0	24	0.36764705882352944	55.958946078431374	71.78308823529412	exact	True	False	True	False	False
Cai min1250	g13576.t1	g13576	1	6504	2167	0	True	True	0	0	0	186	2.859778597785978	42.650676506765066	35.608856088560884	exact	True	False	True	False	False
Cai min1250	g12549.t1	g12549	1	6489	2162	0	True	True	0	0	0	0	0.0	47.449529973801816	45.21497919556172	exact	True	False	True	False	False
Cai min1250	g13272.t1	g13272	1	6486	2161	0	True	True	0	0	0	20	0.3083564600678384	46.34597594819611	46.11470860314524	exact	True	False	True	False	False
Cai min1250	g2759.t3	g2759	4	6438	2145	0	True	True	0	0	0	243	3.7744641192917054	48.52438645542094	50.65237651444548	exact	True	False	True	False	False
Cai min1250	g7918.t1	g7918	1	6381	2126	0	True	True	0	10	4	73	1.1440213132737815	33.29147700517972	21.89265536723164	exact	False	False	True	False	False
Cai min1250	g6353.t2	g6353	3	6306	2101	0	True	True	0	0	0	140	2.2201078338090707	49.58769425943546	51.47478591817317	exact	True	False	True	False	False
Cai min1250	g5305.t1	g5305	2	6303	2100	0	True	True	0	0	0	54	0.8567348881485007	47.16801523084246	41.21846739647787	exact	True	False	True	False	False
Cai min1250	g504.t1	g504	1	6294	2097	0	True	True	0	0	0	30	0.47664442326024786	40.816650778519225	33.4604385128694	exact	True	False	True	False	False
Cai min1250	g7396.t2	g7396	2	6291	2096	0	True	True	0	0	0	0	0.0	41.758067079955495	41.58321411540296	exact	True	False	True	False	False
Cai min1250	g8245.t6	g8245	7	6261	2086	0	True	True	0	0	0	75	1.1978917105893627	46.621945376137994	47.72400574988021	exact	True	False	True	False	False
Cai min1250	g10875.t1	g10875	2	6222	2073	0	True	True	0	0	0	45	0.7232401157184185	52.76438444230151	57.087753134040504	exact	True	False	True	False	False
Cai min1250	g17011.t1	g17011	1	6204	2067	0	True	True	0	110	37	2858	46.06705351386202	74.10567771578602	95.51944854751353	mismatch_with_ambiguous_N	False	False	True	False	False
Cai min1250	g12535.t2	g12535	3	6162	2053	0	True	True	0	0	0	44	0.7140538786108407	48.003894839337875	45.52093476144109	exact	True	False	True	False	False
Cai min1250	g53.t2	g53	2	6159	2052	0	True	True	0	0	0	43	0.6981652865724955	51.20961194999188	52.55723331709693	exact	True	False	True	False	False
Cai min1250	g3096.t1	g3096	2	6150	2049	0	True	True	0	0	0	600	9.75609756097561	47.26829268292683	44.63414634146341	exact	True	False	True	False	False
Cai min1250	g6346.t2	g6346	3	6147	2048	0	True	True	0	0	0	0	0.0	48.70668618838458	48.26744753538311	exact	True	False	True	False	False
Cai min1250	g5989.t1	g5989	2	6144	2047	0	True	True	0	0	0	124	2.0182291666666665	43.912760416666664	45.21484375	exact	True	False	True	False	False
Cai min1250	g8635.t1	g8635	1	6108	2035	0	True	True	0	0	0	0	0.0	46.46365422396857	48.47740667976424	exact	True	False	True	False	False
Cai min1250	g9136.t2	g9136	3	6060	2019	0	True	True	0	0	0	391	6.452145214521452	44.257425742574256	42.12871287128713	exact	True	False	True	False	False
Cai min1250	g5118.t1	g5118	1	6054	2017	0	True	True	0	0	0	28	0.46250412950115627	51.56921043937892	59.81169474727453	exact	True	False	True	False	False
Cai min1250	g9605.t1	g9605	2	6036	2011	0	True	True	0	0	0	170	2.816434724983433	48.57521537442015	48.011928429423456	exact	True	False	True	False	False
Cai min1250	g4311.t3	g4311	3	6030	2009	0	True	True	0	0	0	39	0.6467661691542289	42.81923714759536	37.21393034825871	exact	True	False	True	False	False
Cai min1250	g3877.t1	g3877	2	5988	1995	0	True	True	0	0	0	0	0.0	41.41616566466266	38.326653306613224	exact	True	False	False	False	False
Cai min1250	g8664.t1	g8664	5	5973	1990	0	True	True	0	0	0	0	0.0	40.415201741168595	34.203917629332	exact	True	False	False	False	False
Cai min1250	g2687.t1	g2687	1	5937	1978	0	True	True	0	0	0	1173	19.75745325922183	49.957891190837124	59.01970692268823	exact	True	False	False	False	False
Cai min1250	g5238.t1	g5238	1	5928	1975	0	True	True	0	0	0	0	0.0	49.662618083670715	59.91902834008097	exact	True	False	False	False	False
Cai min1250	g12667.t1	g12667	2	5913	1970	0	True	True	0	0	0	5	0.08455944529003889	43.76796888212413	44.49518011161847	exact	True	False	False	False	False
Cai min1250	g6405.t1	g6405	4	5856	1951	0	True	True	0	0	0	0	0.0	50.22199453551912	50.87090163934426	exact	True	False	False	False	False
Cai min1250	g2853.t2	g2853	2	5841	1946	0	True	True	0	0	0	40	0.684814244136278	44.03355589796268	39.59938366718028	exact	True	False	False	False	False
Cai min1250	g11174.t1	g11174	3	5829	1942	0	True	True	0	0	0	29	0.4975124378109453	43.335048893463714	36.232629953679876	exact	True	False	False	False	False
Cai min1250	g50.t2	g50	2	5829	1942	0	True	True	0	0	0	218	3.7399210842340023	53.027963630125235	53.06227483273289	exact	True	False	False	False	False
Cai min1250	g2388.t1	g2388	2	5817	1938	0	True	True	0	0	0	0	0.0	40.43321299638989	36.977823620422896	exact	True	False	False	False	False
Cai min1250	g617.t1	g617	1	5814	1937	0	True	True	0	0	0	86	1.479188166494668	49.9484004127967	52.270381836945305	exact	True	False	False	False	False
Cai min1250	g8071.t1	g8071	2	5787	1928	0	True	True	0	0	0	0	0.0	43.40763780888198	39.087610160705026	exact	True	False	False	False	False
Cai min1250	g3900.t1	g3900	2	5751	1916	0	True	True	0	0	0	19	0.33037732568249	48.13075986784907	45.38341158059468	exact	True	False	False	False	False
Cai min1250	g6399.t1	g6399	1	5748	1915	0	True	True	0	0	0	32	0.5567153792623522	48.816979819067505	53.4446764091858	exact	True	False	False	False	False
Cai min1250	g10340.t1	g10340	1	5715	1904	0	True	True	0	0	0	0	0.0	41.5573053368329	38.58267716535433	exact	True	False	False	False	False
Cai min1250	g8627.t2	g8627	3	5703	1900	0	True	True	0	0	0	0	0.0	41.74995616342276	38.71646501841136	exact	True	False	False	False	False
Cai min1250	g8789.t1	g8789	4	5688	1895	0	True	True	0	0	0	68	1.1954992967651195	40.523909985935305	35.4957805907173	exact	True	False	False	False	False
Cai min1250	g3883.t2	g3883	3	5682	1893	0	True	True	0	0	0	19	0.33438929954241464	41.200281590989086	39.493136219640974	exact	True	False	False	False	False
Cai min1250	g7733.t1	g7733	1	5673	1890	0	True	True	0	0	0	0	0.0	47.36471002996651	45.69011105235325	exact	True	False	False	False	False
Cai min1250	g3735.t1	g3735	1	5628	1875	0	True	True	0	0	0	31	0.550817341862118	43.81663113006397	38.646055437100216	exact	True	False	False	False	False
Cai min1250	g7758.t3	g7758	4	5625	1874	0	True	True	0	0	0	45	0.8	46.45333333333333	48.21333333333333	exact	True	False	False	False	False
Cai min1250	g11676.t2	g11676	2	5613	1870	0	True	True	0	0	0	107	1.906288972029218	42.508462497773024	40.35275253874933	exact	True	False	False	False	False
Cai min1250	g12831.t1	g12831	5	5592	1863	0	True	True	0	0	0	83	1.4842632331902719	42.04220314735336	38.73390557939914	exact	True	False	False	False	False
Cai min1250	g3348.t1	g3348	1	5559	1852	0	True	True	0	0	0	0	0.0	50.764525993883794	57.85213167835942	exact	True	False	False	False	False
Cai min1250	g6217.t1	g6217	2	5556	1851	0	True	True	0	0	0	0	0.0	44.618430525557955	37.74298056155508	exact	True	False	False	False	False
Cai min1250	g6476.t1	g6476	2	5514	1837	0	True	True	0	0	0	28	0.5077983315197678	54.96916938701487	58.54189336235038	exact	True	False	False	False	False
Cai min1250	g13246.t2	g13246	2	5475	1824	0	True	True	0	0	0	100	1.82648401826484	51.50684931506849	47.23287671232877	exact	True	False	False	False	False
Cai min1250	g10552.t2	g10552	2	5415	1804	0	True	True	0	0	0	543	10.02770083102493	52.50230840258541	54.903047091412745	exact	True	False	False	False	False
Cai min1250	g3108.t2	g3108	3	5412	1803	0	True	True	0	0	0	26	0.4804138950480414	51.27494456762749	52.4390243902439	exact	True	False	False	False	False
Cai min1250	g6959.t1	g6959	3	5409	1802	0	True	True	0	0	0	0	0.0	41.37548530227399	38.26955074875208	exact	True	False	False	False	False
Cai min1250	g3952.t1	g3952	1	5385	1794	0	True	True	0	0	0	0	0.0	45.701021355617456	48.91364902506964	exact	True	False	False	False	False
Cai min1250	g7806.t2	g7806	2	5367	1788	0	True	True	0	0	0	60	1.1179429849077698	44.848146077883364	43.264393515930685	exact	True	False	False	False	False
Cai min1250	g10122.t2	g10122	2	5334	1777	0	True	True	0	0	0	97	1.818522684664417	40.92613423322085	32.62092238470191	exact	True	False	False	False	False
Cai min1250	g4669.t1	g4669	1	5319	1772	0	True	True	0	0	0	0	0.0	52.32186501222034	68.13310772701635	exact	True	False	False	False	False
Cai min1250	g6725.t2	g6725	2	5247	1748	0	True	True	0	0	0	133	2.534781780064799	43.03411473222794	39.85134362492853	exact	True	False	False	False	False
Cai min1250	g642.t2	g642	5	5244	1747	0	True	True	0	0	0	286	5.453852021357743	50.93440122044241	44.279176201373	exact	True	False	False	False	False
Cai min1250	g8832.t2	g8832	3	5238	1745	0	True	True	0	0	0	0	0.0	45.093547155402824	40.83619702176403	exact	True	False	False	False	False
Cai min1250	g9839.t1	g9839	3	5202	1733	0	True	True	0	0	0	1	0.019223375624759707	42.79123414071511	40.5997693194925	exact	True	False	False	False	False
Cai min1250	g10851.t1	g10851	1	5199	1732	0	True	True	0	0	0	3	0.05770340450086555	45.75879976918638	41.950375072129255	exact	True	False	False	False	False
Cai Flye–HyPo	g4378.t2	g4378	2	16008	5335	0	True	True	0	0	0	165	1.0307346326836582	42.32258870564718	39.76761619190405	exact	True	False	True	True	False
Cai Flye–HyPo	g8941.t1	g8941	2	14427	4808	0	True	True	0	0	0	22	0.1524918555486241	39.99445484161642	35.766271574131835	exact	True	False	True	False	False
Cai Flye–HyPo	g3968.t1	g3968	3	13704	4567	0	True	True	0	0	0	105	0.7661996497373029	41.863689433741975	40.78371278458844	exact	True	False	True	False	False
Cai Flye–HyPo	g12854.t2	g12854	3	12831	4276	0	True	True	0	0	0	0	0.0	45.90445015976931	45.125087678279165	exact	True	False	True	False	False
Cai Flye–HyPo	g19080.t2	g19080	5	12600	4199	0	True	True	0	0	0	5	0.03968253968253968	44.3968253968254	40.166666666666664	exact	True	False	True	False	False
Cai Flye–HyPo	g7569.t3	g7569	4	12585	4194	0	True	True	0	0	0	322	2.55860150973381	40.01589193484307	33.68295589988081	exact	True	False	True	False	False
Cai Flye–HyPo	g5936.t1	g5936	1	12573	4190	0	True	True	0	0	0	186	1.4793605344786447	50.86296031177921	51.968503937007874	exact	True	False	True	False	False
Cai Flye–HyPo	g15870.t1	g15870	1	12285	4094	0	True	True	0	0	0	311	2.5315425315425317	36.564916564916565	31.526251526251528	exact	True	False	True	False	False
Cai Flye–HyPo	g8097.t1	g8097	1	11946	3981	0	True	True	0	0	0	144	1.2054244098442994	32.93152519671857	32.471120040180814	exact	True	False	True	False	False
Cai Flye–HyPo	g18358.t1	g18358	1	10704	3567	0	True	True	0	0	0	10687	99.84118086696562	39.228325859491775	25.364349775784753	exact	True	False	True	False	True
Cai Flye–HyPo	g13872.t1	g13872	4	10590	3529	0	True	True	0	0	0	78	0.7365439093484419	46.98772426817752	43.626062322946176	exact	True	False	True	False	False
Cai Flye–HyPo	g19042.t1	g19042	2	10254	3417	0	True	True	0	0	0	819	7.987126974839088	51.462843768285545	53.51082504388531	exact	True	False	True	False	False
Cai Flye–HyPo	g18011.t1	g18011	3	9141	3046	0	True	True	0	0	0	34	0.37195055245596764	49.71009736352697	58.41811617984903	exact	True	False	True	False	False
Cai Flye–HyPo	g14267.t2	g14267	4	9015	3004	0	True	True	0	0	0	0	0.0	41.71935662784249	38.369384359400996	exact	True	False	True	False	False
Cai Flye–HyPo	g3856.t1	g3856	1	8775	2924	0	True	True	0	0	0	8775	100.0	28.273504273504273	25.675213675213676	exact	True	False	True	False	True
Cai Flye–HyPo	g8704.t1	g8704	1	8655	2884	0	True	True	0	0	0	8637	99.79202772963605	35.71346042749855	20.450606585788563	exact	True	False	True	False	True
Cai Flye–HyPo	g15843.t1	g15843	1	8613	2870	0	True	True	0	0	0	8585	99.67491001973761	44.676651573203294	34.656913967258795	exact	True	False	True	False	True
Cai Flye–HyPo	g12430.t1	g12430	1	8526	2841	0	True	True	0	0	0	8473	99.37837203847056	39.86629134412386	31.386347642505278	exact	True	False	True	False	True
Cai Flye–HyPo	g9067.t1	g9067	1	8388	2795	0	True	True	0	0	0	30	0.35765379113018597	44.92131616595136	37.41058655221745	exact	True	False	True	False	False
Cai Flye–HyPo	g7328.t3	g7328	3	8364	2787	0	True	True	0	0	0	7059	84.3974175035868	44.94261119081779	29.555236728837876	exact	True	False	True	False	True
Cai Flye–HyPo	g2605.t2	g2605	3	8160	2719	0	True	True	0	0	0	0	0.0	45.90686274509804	45.80882352941177	exact	True	False	True	False	False
Cai Flye–HyPo	g18082.t1	g18082	1	8130	2709	0	False	True	0	0	0	0	0.0	27.503075030750306	25.239852398523986	exact	False	False	True	False	False
Cai Flye–HyPo	g16823.t1	g16823	1	8100	2699	0	True	True	0	0	0	155	1.9135802469135803	44.91358024691358	36.148148148148145	exact	True	False	True	False	False
Cai Flye–HyPo	g4767.t1	g4767	1	8013	2670	0	True	True	0	0	0	74	0.923499313615375	50.467989517034816	56.608011980531636	exact	True	False	True	False	False
Cai Flye–HyPo	g18615.t1	g18615	1	7908	2635	0	True	True	0	0	0	7310	92.43803743045018	40.04805260495701	26.176024279210925	exact	True	False	True	False	True
Cai Flye–HyPo	g4405.t1	g4405	1	7836	2611	0	True	True	0	0	0	49	0.6253190403266973	44.84430832057172	47.588055130168456	exact	True	False	True	False	False
Cai Flye–HyPo	g9243.t1	g9243	1	7727	2575	2	True	False	0	0	0	7114	92.06677882748802	44.312152193606835	34.79611650485437	exact	False	False	True	False	True
Cai Flye–HyPo	g11433.t2	g11433	2	7725	2574	0	True	True	0	0	0	29	0.37540453074433655	44.4789644012945	47.22330097087379	exact	True	False	True	False	False
Cai Flye–HyPo	g14861.t1	g14861	3	7620	2539	0	True	True	0	0	0	0	0.0	43.32020997375328	36.41732283464567	exact	True	False	True	False	False
Cai Flye–HyPo	g9026.t5	g9026	6	7542	2513	0	True	True	0	0	0	218	2.8904799787854683	47.931583134447095	46.93715194908512	exact	True	False	True	False	False
Cai Flye–HyPo	g7732.t1	g7732	1	7533	2510	0	True	True	0	0	0	1	0.013274923669188901	46.83393070489845	67.02508960573476	exact	True	False	True	False	False
Cai Flye–HyPo	g6695.t1	g6695	1	7524	2507	0	True	True	0	0	0	2560	34.02445507708666	43.04891015417331	47.28867623604466	exact	True	False	True	False	False
Cai Flye–HyPo	g13992.t1	g13992	1	7500	2499	0	True	True	0	0	0	7336	97.81333333333333	31.533333333333335	18.44	exact	True	False	True	False	True
Cai Flye–HyPo	g4185.t1	g4185	1	7473	2490	0	True	True	0	0	0	7328	98.05968152013916	36.95972166465944	38.09714973906062	exact	True	False	True	False	True
Cai Flye–HyPo	g5932.t1	g5932	2	7452	2483	0	True	True	0	0	0	105	1.4090177133655395	47.50402576489533	50.40257648953301	exact	True	False	True	False	False
Cai Flye–HyPo	g11528.t1	g11528	3	7266	2421	0	True	True	0	0	0	3	0.04128819157720892	39.4990366088632	32.65895953757225	exact	True	False	True	False	False
Cai Flye–HyPo	g61.t1	g61	1	7209	2402	0	True	True	0	0	0	457	6.339298099597725	72.03495630461923	74.03245942571785	exact	True	False	True	False	False
Cai Flye–HyPo	g15692.t1	g15692	1	7137	2378	0	True	True	0	0	0	0	0.0	34.005884825556954	33.669609079445145	exact	True	False	True	False	False
Cai Flye–HyPo	g17909.t1	g17909	1	7110	2369	0	True	True	0	0	0	89	1.2517580872011251	44.064697609001406	42.40506329113924	exact	True	False	True	False	False
Cai Flye–HyPo	g1866.t1	g1866	2	7107	2368	0	True	True	0	0	0	31	0.43618967215421417	50.24623610524835	52.25833685099198	exact	True	False	True	False	False
Cai Flye–HyPo	g17451.t1	g17451	2	7053	2350	0	True	True	0	0	0	0	0.0	43.82532255777683	37.34581029349213	exact	True	False	True	False	False
Cai Flye–HyPo	g2538.t1	g2538	1	7044	2347	0	True	True	0	0	0	0	0.0	28.960817717206133	24.31856899488927	exact	True	False	True	False	False
Cai Flye–HyPo	g7350.t1	g7350	1	7026	2341	0	True	True	0	0	0	6629	94.3495587816681	36.40762880728722	24.03928266438941	exact	True	False	True	False	True
Cai Flye–HyPo	g60.t1	g60	1	7005	2334	0	True	True	0	0	0	1519	21.684511063526053	72.66238401142041	77.38758029978587	exact	True	False	True	False	False
Cai Flye–HyPo	g5329.t1	g5329	1	7002	2333	0	True	True	0	0	0	5	0.07140816909454442	41.75949728648958	34.832904884318765	exact	True	False	True	False	False
Cai Flye–HyPo	g1409.t2	g1409	4	6999	2332	0	True	True	0	0	0	67	0.9572796113730533	45.29218459779968	43.24903557651093	exact	True	False	True	False	False
Cai Flye–HyPo	g13408.t1	g13408	2	6912	2303	0	True	True	0	0	0	26	0.3761574074074074	47.120949074074076	48.09027777777778	exact	True	False	True	False	False
Cai Flye–HyPo	g2327.t1	g2327	3	6867	2288	0	True	True	0	0	0	0	0.0	44.53181884374545	44.124071647007426	exact	True	False	True	False	False
Cai Flye–HyPo	g17709.t1	g17709	1	6807	2268	0	True	True	0	0	0	233	3.4229469663581606	28.485382694285295	27.941824592331425	exact	True	False	True	False	False
Cai Flye–HyPo	g12197.t1	g12197	1	6801	2266	0	True	True	0	0	0	367	5.396265255109543	43.50830760182326	35.99470666078518	exact	True	False	True	False	False
Cai Flye–HyPo	g9652.t1	g9652	1	6756	2251	0	True	True	0	0	0	15	0.22202486678507993	30.56542332741267	28.907637655417407	exact	True	False	True	False	False
Cai Flye–HyPo	g13508.t1	g13508	2	6735	2244	0	True	True	0	0	0	20	0.2969561989606533	55.219005196733484	61.73719376391982	exact	True	False	True	False	False
Cai Flye–HyPo	g19406.t1	g19406	1	6720	2239	0	True	True	0	0	0	0	0.0	45.208333333333336	41.205357142857146	exact	True	False	True	False	False
Cai Flye–HyPo	g9529.t1	g9529	1	6663	2220	0	True	True	0	0	0	186	2.7915353444394415	42.81855020261143	34.984241332733006	exact	True	False	True	False	False
Cai Flye–HyPo	g11386.t1	g11386	1	6618	2205	0	True	True	0	0	0	30	0.45330915684496825	48.41341795104261	46.14687216681777	exact	True	False	True	False	False
Cai Flye–HyPo	g7780.t1	g7780	3	6618	2205	0	True	True	0	0	0	0	0.0	44.09187065578725	41.387126019945605	exact	True	False	True	False	False
Cai Flye–HyPo	g7553.t1	g7553	1	6588	2195	0	True	True	0	0	0	30	0.4553734061930783	40.46751669702489	33.60655737704918	exact	True	False	True	False	False
Cai Flye–HyPo	g1964.t1	g1964	1	6543	2180	0	True	True	0	0	0	232	3.5457741097355955	33.18049824239645	33.83768913342504	exact	True	False	True	False	False
Cai Flye–HyPo	g4042.t1	g4042	1	6528	2175	0	True	True	0	0	0	24	0.36764705882352944	56.004901960784316	71.92095588235294	exact	True	False	True	False	False
Cai Flye–HyPo	g8099.t1	g8099	1	6522	2173	0	True	True	0	0	0	0	0.0	29.883471327813552	27.50689972401104	exact	True	False	True	False	False
Cai Flye–HyPo	g11810.t1	g11810	2	6513	2170	0	True	True	0	0	0	873	13.403961308152924	50.821434054966986	53.89221556886228	exact	True	False	True	False	False
Cai Flye–HyPo	g4121.t1	g4121	1	6495	2164	0	True	True	0	0	0	203	3.1254811393379525	43.325635103926096	37.22863741339492	exact	True	False	True	False	False
Cai Flye–HyPo	g844.t1	g844	1	6492	2163	0	False	True	0	0	0	0	0.0	29.313000616142943	22.042513863216268	exact	False	False	True	False	False
Cai Flye–HyPo	g4035.t1	g4035	1	6477	2158	0	True	True	0	0	0	20	0.3087849312953528	46.28686120117338	46.780917091245946	exact	True	False	True	False	False
Cai Flye–HyPo	g2574.t4	g2574	4	6471	2156	0	True	True	0	0	0	72	1.1126564673157162	49.80683047442435	46.59248956884562	exact	True	False	True	False	False
Cai Flye–HyPo	g5591.t2	g5591	3	6426	2141	0	True	True	0	0	0	146	2.2720199190787427	50.933706816059754	52.42763772175537	exact	True	False	True	False	False
Cai Flye–HyPo	g9032.t1	g9032	2	6417	2138	0	True	True	0	0	0	149	2.3219573009194328	49.6026180458158	51.61290322580645	exact	True	False	True	False	False
Cai Flye–HyPo	g15098.t1	g15098	1	6405	2134	0	True	True	0	0	0	163	2.5448868071818893	44.996096799375486	42.34192037470726	exact	True	False	True	False	False
Cai Flye–HyPo	g6636.t1	g6636	1	6366	2122	0	True	False	0	0	0	6349	99.73295633050581	30.977065661325792	26.814326107445805	exact	False	False	True	False	True
Cai Flye–HyPo	g5339.t1	g5339	2	6291	2096	0	True	True	0	0	0	0	0.0	47.178508981084086	41.15402956604673	exact	True	False	True	False	False
Cai Flye–HyPo	g8096.t1	g8096	1	6279	2092	0	True	True	0	0	0	48	0.7644529383659818	34.161490683229815	29.574773053033923	exact	True	False	True	False	False
Cai Flye–HyPo	g8684.t1	g8684	1	6270	2089	0	True	True	0	0	0	41	0.6539074960127592	48.931419457735245	53.1578947368421	exact	True	False	True	False	False
Cai Flye–HyPo	g10078.t1	g10078	1	6258	2085	0	True	True	0	0	0	0	0.0	31.863215084691596	26.222435282837967	exact	True	False	True	False	False
Cai Flye–HyPo	g219.t1	g219	1	6210	2069	0	True	True	0	0	0	82	1.320450885668277	51.529790660225444	59.61352657004831	exact	True	False	True	False	False
Cai Flye–HyPo	g6315.t2	g6315	2	6183	2060	0	True	True	0	0	0	41	0.663108523370532	48.06728125505418	45.70596797671033	exact	True	False	True	False	False
Cai Flye–HyPo	g2603.t2	g2603	2	6174	2057	0	True	True	0	0	0	42	0.6802721088435374	52.21898283122773	54.95626822157434	exact	True	False	True	False	False
Cai Flye–HyPo	g15293.t2	g15293	2	6156	2051	0	True	True	0	0	0	0	0.0	41.82910981156595	41.37426900584796	exact	True	False	True	False	False
Cai Flye–HyPo	g17900.t1	g17900	1	6147	2048	0	True	True	0	0	0	116	1.8870993980803643	50.17081503172279	54.27037579306979	exact	True	False	True	False	False
Cai Flye–HyPo	g12142.t1	g12142	1	6147	2048	0	True	True	0	0	0	0	0.0	46.42915243208069	48.365056124938995	exact	True	False	True	False	False
Cai Flye–HyPo	g6329.t1	g6329	1	6141	2046	0	True	True	0	0	0	0	0.0	47.33756717147045	45.04152418172936	exact	True	False	True	False	False
Cai Flye–HyPo	g243.t2	g243	2	6141	2046	0	True	True	0	0	0	32	0.5210877707213809	46.65363947239863	45.04152418172936	exact	True	False	True	False	False
Cai Flye–HyPo	g3160.t1	g3160	1	6135	2044	0	True	True	0	0	0	0	0.0	34.96332518337408	29.339853300733495	exact	True	False	True	False	False
Cai Flye–HyPo	g2105.t1	g2105	1	6129	2042	0	True	True	0	0	0	0	0.0	33.5617555881873	31.522271169848263	exact	True	False	True	False	False
Cai Flye–HyPo	g1738.t1	g1738	1	6108	2035	0	True	True	0	0	0	47	0.7694826457105436	30.94302554027505	26.62082514734774	exact	True	False	True	False	False
Cai Flye–HyPo	g6113.t2	g6113	4	6099	2032	0	True	True	0	0	0	0	0.0	39.94097393015248	33.448106246925725	exact	True	False	True	False	False
Cai Flye–HyPo	g4844.t1	g4844	5	6015	2004	0	True	True	0	0	0	0	0.0	38.53699085619285	35.16209476309227	exact	True	False	True	False	False
Cai Flye–HyPo	g19162.t1	g19162	2	5973	1990	0	True	True	0	0	0	0	0.0	41.45320609409007	38.32245102963335	exact	True	False	False	False	False
Cai Flye–HyPo	g5843.t1	g5843	1	5967	1988	0	True	True	0	0	0	4336	72.6663314898609	39.19892743422155	34.79135243841126	exact	True	False	False	False	True
Cai Flye–HyPo	g2126.t1	g2126	1	5964	1987	0	False	True	0	0	0	3009	50.45271629778672	50.5700871898055	41.95171026156942	exact	False	False	False	False	True
Cai Flye–HyPo	g9129.t1	g9129	1	5958	1985	0	True	True	0	0	0	3795	63.695871097683785	39.97985901309164	31.36958710976838	exact	True	False	False	False	True
Cai Flye–HyPo	g18752.t1	g18752	2	5955	1984	0	True	True	0	0	0	43	0.7220822837951302	45.4911838790932	44.93702770780856	exact	True	False	False	False	False
Cai Flye–HyPo	g13647.t1	g13647	1	5952	1983	0	True	True	0	0	0	5952	100.0	38.894489247311824	33.01411290322581	exact	True	False	False	False	True
Cai Flye–HyPo	g17677.t1	g17677	5	5946	1981	0	True	True	0	0	0	0	0.0	41.355533131516985	38.143289606458126	exact	True	False	False	False	False
Cai Flye–HyPo	g2992.t1	g2992	4	5904	1967	0	True	True	0	0	0	0	0.0	40.4979674796748	34.146341463414636	exact	True	False	False	False	False
Cai Flye–HyPo	g4743.t1	g4743	2	5901	1966	0	True	True	0	0	0	0	0.0	51.126927639383155	58.66802236908998	exact	True	False	False	False	False
Cai Flye–HyPo	g15691.t1	g15691	1	5886	1961	0	True	True	0	0	0	0	0.0	31.07373428474346	29.81651376146789	exact	True	False	False	False	False
Cai Flye–HyPo	g8488.t2	g8488	2	5880	1959	0	True	True	0	0	0	46	0.782312925170068	42.074829931972786	38.36734693877551	exact	True	False	False	False	False
Cai Flye–HyPo	g9864.t1	g9864	1	5868	1955	0	True	True	0	0	0	126	2.147239263803681	49.693251533742334	59.86707566462168	exact	True	False	False	False	False
Cai Flye–HyPo	g631.t3	g631	5	5847	1948	0	True	True	0	0	0	101	1.7273815631948009	46.26304087566273	45.45920985120575	exact	True	False	False	False	False
Cai Flye–HyPo	g2694.t1	g2694	1	5844	1947	0	True	True	0	0	0	5723	97.92950034223135	44.07939767282683	36.03696098562629	exact	True	False	False	False	True
