representation	transcript_id	gene_id	cds_length_bp	pep_length_aa	N_count	status
Cai min1250	g10795.t1	g10795	423	140	10	mismatch_with_ambiguous_N
Cai min1250	g11205.t1	g11205	1215	404	10	mismatch_with_ambiguous_N
Cai min1250	g11902.t1	g11902	378	125	10	mismatch_with_ambiguous_N
Cai min1250	g13214.t1	g13214	5157	1718	150	mismatch_with_ambiguous_N
Cai min1250	g13614.t1	g13614	510	169	10	mismatch_with_ambiguous_N
Cai min1250	g14146.t1	g14146	552	183	1	mismatch_with_ambiguous_N
Cai min1250	g14264.t1	g14264	444	147	10	mismatch_with_ambiguous_N
Cai min1250	g14431.t1	g14431	1272	423	1	mismatch_with_ambiguous_N
Cai min1250	g14683.t1	g14683	645	214	1	mismatch_with_ambiguous_N
Cai min1250	g14949.t1	g14949	201	66	1	mismatch_with_ambiguous_N
Cai min1250	g15157.t1	g15157	726	241	10	mismatch_with_ambiguous_N
Cai min1250	g16033.t1	g16033	3372	1123	20	mismatch_with_ambiguous_N
Cai min1250	g16890.t1	g16890	927	308	1	mismatch_with_ambiguous_N
Cai min1250	g17011.t1	g17011	6204	2067	110	mismatch_with_ambiguous_N
Cai min1250	g1829.t1	g1829	3033	1010	10	mismatch_with_ambiguous_N
Cai min1250	g18779.t1	g18779	231	76	10	mismatch_with_ambiguous_N
Cai min1250	g2985.t1	g2985	1017	338	10	mismatch_with_ambiguous_N
Cai min1250	g3254.t2	g3254	963	320	10	mismatch_with_ambiguous_N
Cai min1250	g4054.t2	g4054	3768	1255	20	mismatch_with_ambiguous_N
Cai min1250	g410.t1	g410	3477	1158	10	mismatch_with_ambiguous_N
Cai min1250	g4622.t1	g4622	489	162	10	mismatch_with_ambiguous_N
Cai min1250	g5706.t1	g5706	234	77	10	mismatch_with_ambiguous_N
Cai min1250	g639.t1	g639	2688	895	10	mismatch_with_ambiguous_N
Cai min1250	g6965.t1	g6965	945	314	20	mismatch_with_ambiguous_N
Cai min1250	g7061.t1	g7061	1197	398	10	mismatch_with_ambiguous_N
Cai min1250	g7132.t1	g7132	399	132	10	mismatch_with_ambiguous_N
Cai min1250	g7644.t1	g7644	1989	662	10	mismatch_with_ambiguous_N
Cai min1250	g8734.t1	g8734	1365	454	10	mismatch_with_ambiguous_N
Cai min1250	g8750.t1	g8750	612	203	10	mismatch_with_ambiguous_N
Cai min1250	g8906.t1	g8906	858	285	20	mismatch_with_ambiguous_N
Cai min1250	g9113.t2	g9113	1869	622	10	mismatch_with_ambiguous_N
Cai min1250	g9211.t1	g9211	1053	350	10	mismatch_with_ambiguous_N
Cai min1250	g9509.t1	g9509	1986	661	10	mismatch_with_ambiguous_N
Cai min1250	g9950.t1	g9950	2235	744	10	mismatch_with_ambiguous_N
