representation	bin	n_introns	pct_introns	intron_bp	pct_intron_bp	repeat_bp	weighted_repeat_pct	median_repeat_fraction
Guo published	10to50kb	9585	8.90600609529473	187182135	61.96158945639352	146667556	78.35553109809331	0.7835606060606061
Guo published	1to5kb	15694	14.582249312421022	36720124	12.155205132561733	23462387	63.89517366553555	0.6554928642548955
Guo published	50to100kb	237	0.2202111053296662	14082957	4.6617824931104845	11495987	81.63049138046789	0.8171511097093341
Guo published	5to10kb	6518	6.056269976956813	47027155	15.567069322145429	34683161	73.75134855595665	0.7470979259352585
Guo published	ge100kb	5	0.0046458039099085	533478	0.1765934811034071	416491	78.07088577223428	0.8057517950297407
Guo published	lt1kb	75585	70.23061770608786	16547975	5.47776011468543	5154366	31.14801660021845	0.0
Cai fixed-on-Guo	10to50kb	11404	9.78984959824188	225779339	65.79427528681629	182673574	80.9080116936652	0.8057540129658336
Cai fixed-on-Guo	1to5kb	14565	12.503433830094089	34359479	10.012683313053651	22206339	64.62944039401762	0.6612794612794612
Cai fixed-on-Guo	50to100kb	263	0.2257743286862166	15736381	4.585733079554394	13167992	83.67865521303787	0.8352587723666302
Cai fixed-on-Guo	5to10kb	6836	5.868415630794589	49352638	14.38183433915798	37055992	75.08411607095856	0.7603862216079322
Cai fixed-on-Guo	ge100kb	6	0.0051507451411304	636272	0.1854157927413064	507831	79.81350743078431	0.806034394305075
Cai fixed-on-Guo	lt1kb	83414	71.6073758670421	17295441	5.040058188676375	6216927	35.94546678514876	0.0
Cai min1250	10to50kb	8903	10.901454670127835	176767040	66.40782895632468	138693528	78.46119276534812	0.7969085742011506
Cai min1250	1to5kb	10765	13.181417446245776	25921321	9.73812002107399	16526515	63.7564536159249	0.6430851063829788
Cai min1250	50to100kb	224	0.2742812362247147	13420002	5.041625392434784	10723603	79.9076110420848	0.8301308350825753
Cai min1250	5to10kb	5220	6.391732379879512	37834423	14.2136333291842	27470816	72.6079951054097	0.7428995461524521
Cai min1250	ge100kb	7	0.0085712886320223	761654	0.2861381202960717	564576	74.12499638943667	0.7791122512437811
Cai min1250	lt1kb	56549	69.24254297889014	11479597	4.312654180686274	3519058	30.65489145655549	0.0
Cai Flye–HyPo	10to50kb	8663	11.162221363226388	172229539	67.1241157061969	138684651	80.52315056129831	0.8093708671830719
Cai Flye–HyPo	1to5kb	9812	12.642700682901689	24039032	9.368885121575865	14530097	60.44376911682633	0.606562379585804
Cai Flye–HyPo	50to100kb	208	0.2680067001675041	12290414	4.7900213645294745	10372993	84.39905279024775	0.8491674510090794
Cai Flye–HyPo	5to10kb	5157	6.644762272902977	37398606	14.5755970257487	27410090	73.2917424783159	0.748750986063634
Cai Flye–HyPo	ge100kb	4	0.0051539750032212	415890	0.1620874598117006	361381	86.8934093149631	0.8593926492285834
Cai Flye–HyPo	lt1kb	53766	69.27715500579822	10210218	3.979293322137351	2332128	22.841118573570125	0.0
