representation	gene	transcript	seqid	start	end	strand	intron_length
Guo published	g15453	g15453.t1	JAREIK010003706.1	166815	282808	+	115994
Guo published	g29049	g29049.t2	JAREIK010017918.1	873657	980589	-	106933
Guo published	g7602	g7602.t2	JAREIK010001563.1	13408030	13512547	-	104518
Guo published	g3944	g3944.t1	JAREIK010000801.1	598744	702641	+	103898
Guo published	g827	g827.t2	JAREIK010000111.1	34054	136188	-	102135
Cai fixed-on-Guo	g15789	g15789.t1	JAREIK010003706.1	166814	282807	+	115994
Cai fixed-on-Guo	g29143	g29143.t1	JAREIK010017918.1	873662	980594	-	106933
Cai fixed-on-Guo	g7781	g7781.t2	JAREIK010001563.1	13408068	13512585	-	104518
Cai fixed-on-Guo	g4064	g4064.t1	JAREIK010000801.1	598758	702653	+	103896
Cai fixed-on-Guo	g15377	g15377.t1	JAREIK010003544.1	881004	983801	+	102798
Cai fixed-on-Guo	g834	g834.t2	JAREIK010000111.1	34053	136185	-	102133
Cai min1250	g5339	g5339.t1	JAEQBI010000012.1	5405794	5535039	-	129246
Cai min1250	g9455	g9455.t1	JAEQBI010000035.1	3593237	3709306	-	116070
Cai min1250	g5803	g5803.t1	JAEQBI010000014.1	1373809	1481358	+	107550
Cai min1250	g1943	g1943.t2	JAEQBI010000004.1	18797849	18901328	+	103480
Cai min1250	g8684	g8684.t1	JAEQBI010000029.1	1890223	1993134	+	102912
Cai min1250	g7855	g7855.t1	JAEQBI010000024.1	2449184	2551073	+	101890
Cai min1250	g9349	g9349.t2	JAEQBI010000034.1	2715595	2816100	-	100506
Cai Flye–HyPo	g11073	g11073.t1	contig_3075	826443	931910	-	105468
Cai Flye–HyPo	g2940	g2940.t2	contig_14	1140671	1245266	+	104596
Cai Flye–HyPo	g9264	g9264.t1	contig_22377	511424	615363	-	103940
Cai Flye–HyPo	g18361	g18361.t1	contig_8455	1579914	1681799	-	101886
