representation	gene_id	transcript_id	seqid	start	end	gene_span_bp	gene_repeat_bp	gene_repeat_fraction	cds_bp	cds_repeat_bp	cds_repeat_fraction	intron_bp	intron_repeat_bp	intron_repeat_fraction	intron_count	longest_intron_bp	longest_intron_repeat_fraction	complete_start_stop_proxy
Guo published	g15453	g15453.t1	JAREIK010003706.1	166104	301430	135327	97997	0.7241496523236309	636	27	0.0424528301886792	134691	97970	0.7273685695406523	7	115994	0.7494180733486214	1
Guo published	g29049	g29049.t2	JAREIK010017918.1	730912	999835	268924	200371	0.7450841129835939	1806	0	0.0	267118	200371	0.7501216690750904	12	106933	0.7170658262650444	1
Guo published	g7602	g7602.t2	JAREIK010001563.1	13407095	13514180	107086	84274	0.786974954709299	978	0	0.0	106108	84274	0.7942285218833641	4	104518	0.806138655542586	1
Guo published	g3944	g3944.t1	JAREIK010000801.1	598087	706733	108647	85497	0.7869246274632525	1893	0	0.0	106754	85497	0.8008786556007269	8	103898	0.8057517950297407	1
Guo published	g827	g827.t2	JAREIK010000111.1	33632	258170	224539	181761	0.8094852119230957	1365	0	0.0	223174	181761	0.8144362694579118	12	102135	0.8313800362265629	1
Cai fixed-on-Guo	g15789	g15789.t1	JAREIK010003706.1	162198	301432	139235	101974	0.7323876898768269	576	27	0.046875	138659	101947	0.7352353615704714	7	115994	0.7659447902477714	1
Cai fixed-on-Guo	g29143	g29143.t1	JAREIK010017918.1	730920	999840	268921	209964	0.7807646111683357	1701	0	0.0	267220	209964	0.7857346007035402	13	106933	0.7795161456238954	1
Cai fixed-on-Guo	g7781	g7781.t2	JAREIK010001563.1	13407133	13514218	107086	84803	0.7919149095119811	978	0	0.0	106108	84803	0.7992140083688317	4	104518	0.8094873610287223	1
Cai fixed-on-Guo	g4064	g4064.t1	JAREIK010000801.1	598101	706767	108667	85057	0.7827307278198533	1893	0	0.0	106774	85057	0.7966077884129095	8	103896	0.8025814275814276	1
Cai fixed-on-Guo	g15377	g15377.t1	JAREIK010003544.1	868907	984657	115751	91311	0.7888571157052638	720	0	0.0	115031	91311	0.7937947162069355	8	102798	0.815823265044067	1
Cai fixed-on-Guo	g834	g834.t2	JAREIK010000111.1	33631	258164	224534	181179	0.8069112027577116	1365	0	0.0	223169	181179	0.8118466274437758	12	102133	0.8202441913974915	1
Cai min1250	g5339	g5339.t1	JAEQBI010000012.1	5397229	5535130	137902	80379	0.5828704442285101	1026	0	0.0	136876	80379	0.587239545281861	6	129246	0.5757934481531344	1
Cai min1250	g9455	g9455.t1	JAEQBI010000035.1	3572847	3712331	139485	104576	0.7497293615800982	597	27	0.0452261306532663	138888	104549	0.7527576176487529	8	116070	0.7789695873179978	1
Cai min1250	g5803	g5803.t1	JAEQBI010000014.1	1373152	1485410	112259	89412	0.7964795695668053	1893	0	0.0	110366	89412	0.8101408042331878	8	107550	0.8144304974430497	1
Cai min1250	g1943	g1943.t2	JAEQBI010000004.1	18796216	18902263	106048	85974	0.8107083584791792	960	0	0.0	105088	85974	0.8181143422655298	4	103480	0.8285562427522226	1
Cai min1250	g8684	g8684.t1	JAEQBI010000029.1	1878104	1993990	115887	87308	0.7533890772908092	729	0	0.0	115158	87308	0.7581583563451954	8	102912	0.7791122512437811	1
Cai min1250	g7855	g7855.t1	JAEQBI010000024.1	2326421	2551495	225075	181060	0.8044429634566256	1365	0	0.0	223710	181060	0.8093513924276966	12	101890	0.8432132692118952	1
Cai min1250	g9349	g9349.t2	JAEQBI010000034.1	2576426	2834406	257981	181061	0.7018385074869855	1629	0	0.0	256352	181061	0.7062983709898889	14	100506	0.6001233757188625	1
Cai Flye–HyPo	g11073	g11073.t1	contig_3075	825912	934551	108640	99300	0.9140279823269514	762	21	0.0275590551181102	107878	99279	0.9202895863846196	5	105468	0.9258542875564152	1
Cai Flye–HyPo	g2940	g2940.t2	contig_14	1139038	1246201	107164	86938	0.8112612444477623	978	0	0.0	106186	86938	0.8187331663307781	4	104596	0.8305480133083483	1
Cai Flye–HyPo	g9264	g9264.t1	contig_22377	507377	616020	108644	89844	0.826957770332462	1893	0	0.0	106751	89844	0.8416220925330911	8	103940	0.8475370406003464	1
Cai Flye–HyPo	g18361	g18361.t1	contig_8455	1579492	1689197	109706	94062	0.8574006891145425	732	0	0.0	108974	94062	0.8631600198212418	7	101886	0.8712482578568204	1
