Guo_gene	Fixed_gene	seqid	Guo_longest_intron_bp	Fixed_longest_intron_bp	Guo_intron_repeat_fraction	Fixed_intron_repeat_fraction	Guo_complete	Fixed_complete
g256	g262	JAREIK010000046.1	67769	67758	0.7785097919049209	0.7689719319363134	1	1
g636	g634	JAREIK010000088.1	52847	52844	0.7565294922445466	0.7722143647767802	1	1
g679	g675	JAREIK010000088.1	74501	74505	0.772179370619116	0.7795000821075844	1	1
g693	g691	JAREIK010000088.1	63955	63954	0.7572290409819014	0.6684671260942447	1	1
g749	g748	JAREIK010000088.1	51274	51273	0.8338820019546319	0.814863371121565	1	1
g750	g749	JAREIK010000088.1	50309	50318	0.75256011580838	0.7498927872631269	1	1
g803	g804	JAREIK010000097.1	58954	58949	0.8128741306328646	0.8050443973623443	1	1
g827	g834	JAREIK010000111.1	102135	102133	0.8144362694579118	0.8118466274437758	1	1
g939	g956	JAREIK010000154.1	73284	73280	0.7925961648154486	0.7809791994025856	1	1
g942	g958	JAREIK010000154.1	55211	55222	0.7392107584508097	0.741104759156733	1	1
g966	g982	JAREIK010000171.1	67063	67061	0.7853467681423518	0.793131178829534	1	1
g1166	g1197	JAREIK010000215.1	61760	61759	0.6955152752957195	0.656952445498701	1	1
g1173	g1203	JAREIK010000215.1	74852	74853	0.8602386257457054	0.8766849876390138	1	1
g1185	g1213	JAREIK010000215.1	51540	51540	0.8182439667741526	0.8129839802536056	1	1
g1196	g1222	JAREIK010000215.1	52172	52172	0.7135243742572559	0.7060142361834287	1	1
g1227	g1261	JAREIK010000231.1	57320	57328	0.7910137856697113	0.8126084638680625	1	1
g1235	g1271	JAREIK010000231.1	50669	50683	0.7707079279243719	0.7531519444389637	1	1
g1487	g1535	JAREIK010000325.1	56358	56355	0.8209602729709968	0.8387002456044599	1	1
g1867	g1913	JAREIK010000357.1	51364	51367	0.8005413999054699	0.7873907500422408	1	1
g2332	g2399	JAREIK010000398.1	71901	71913	0.7258475806388337	0.8061393992813072	1	1
g2342	g2407	JAREIK010000398.1	57588	57580	0.7500757426068629	0.7344842571010943	1	1
g2488	g2568	JAREIK010000403.1	50343	50343	0.8312205546651125	0.825369843320479	1	1
g2536	g2624	JAREIK010000416.1	58866	58860	0.784803208399726	0.7939455981281076	1	1
g2538	g2626	JAREIK010000416.1	57907	57899	0.8120857977624172	0.8167628821894377	1	1
g2720	g2816	JAREIK010000428.1	62918	62919	0.7812874146066624	0.7956242077092821	1	1
g2730	g2829	JAREIK010000428.1	51030	51040	0.8164157505133237	0.8270906253314545	1	1
g2798	g2890	JAREIK010000431.1	65422	65447	0.900047907830009	0.9048792738911536	1	1
g2822	g2912	JAREIK010000435.1	67848	67846	0.8368466408140267	0.85112660047471	1	1
g2929	g3022	JAREIK010000438.1	52169	52162	0.8417444769051574	0.8428882438316401	1	1
g2975	g3070	JAREIK010000438.1	61969	61968	0.8239096583399851	0.8107057807552404	1	1
g3084	g3173	JAREIK010000474.1	61685	61686	0.7671151443095102	0.8179788911803955	1	1
g3089	g3180	JAREIK010000474.1	52820	52827	0.7534990381790787	0.7462506517272048	1	1
g3104	g3199	JAREIK010000486.1	55217	55216	0.8081865488647212	0.7667816525108464	1	1
g3154	g3256	JAREIK010000500.1	63627	63626	0.8142308922289735	0.8111768468180365	1	1
g3165	g3268	JAREIK010000500.1	53583	53582	0.774880069777584	0.8112908237525962	1	1
g3201	g3302	JAREIK010000508.1	52010	51997	0.8679791241398177	0.8655686670452872	1	1
g3274	g3406	JAREIK010000553.1	50642	50641	0.80246591994443	0.7993785201009905	1	1
g3291	g3425	JAREIK010000556.1	74765	74766	0.7858759478092179	0.8133728267331379	1	1
g3399	g3540	JAREIK010000595.1	55049	55049	0.74948701709943	0.7419822782055776	1	1
g3572	g3716	JAREIK010000654.1	56686	56689	0.8279401408450704	0.7892218392196092	1	1
g3627	g3766	JAREIK010000665.1	83117	83123	0.7851378954153949	0.7937478156188109	1	1
g3761	g3885	JAREIK010000748.1	67943	67937	0.7644900619094167	0.7794741913641335	1	1
g3790	g3916	JAREIK010000751.1	55849	55842	0.8437032473818534	0.8535667874974352	1	1
g3881	g4007	JAREIK010000781.1	65669	65670	0.7782008425543578	0.8078974365509727	1	1
g3906	g4030	JAREIK010000781.1	50285	50277	0.7614553777178599	0.7557499647241428	1	1
g3944	g4064	JAREIK010000801.1	103898	103896	0.8008786556007269	0.7966077884129095	1	1
g3989	g4111	JAREIK010000801.1	51053	51018	0.774561183550652	0.7808509297195083	1	1
g4432	g4570	JAREIK010000969.1	73868	73869	0.8276938297195755	0.8235062443622874	1	1
g4433	g4571	JAREIK010000969.1	58806	58805	0.8004856677081919	0.8234241245136187	1	1
g4494	g4636	JAREIK010000983.1	53937	53938	0.7795893025501874	0.8276007116749942	1	1
g4530	g4679	JAREIK010000989.1	70988	70987	0.7751195510960002	0.8061448730529487	1	1
g4583	g4733	JAREIK010001013.1	68094	68096	0.7246849873994959	0.721857562848743	1	1
g4596	g4748	JAREIK010001014.1	72559	72563	0.7241543943928178	0.742379083424322	1	1
g4748	g4888	JAREIK010001073.1	66798	66799	0.7133820871684949	0.7276787111718611	1	1
g4845	g4980	JAREIK010001079.1	65695	65713	0.772411546037529	0.7757594599395985	1	1
g4850	g4984	JAREIK010001079.1	53728	55402	0.8269076754018364	0.8131589814177563	1	1
g4856	g4989	JAREIK010001079.1	52500	52497	0.806152380952381	0.7985408690020382	1	1
g5309	g5448	JAREIK010001156.1	68596	68595	0.8074226177899853	0.8181416016850112	1	1
g5323	g5456	JAREIK010001156.1	60842	60872	0.6208449473728003	0.6278160704446455	1	1
g5421	g5553	JAREIK010001208.1	54673	54655	0.8094310792082726	0.8291057869202958	1	1
g5629	g5768	JAREIK010001258.1	58676	58667	0.8175948760104124	0.8496943829697544	1	1
g5642	g5782	JAREIK010001261.1	78467	78500	0.8333837772397095	0.8401324756689543	1	1
g5822	g5971	JAREIK010001332.1	53791	53782	0.8218874003064471	0.8304821685551642	1	1
g5823	g5972	JAREIK010001332.1	50561	50568	0.7646346863468635	0.8002085875083632	1	1
g5843	g5993	JAREIK010001332.1	52335	52335	0.7790886439142253	0.7897727272727273	1	1
g5945	g6093	JAREIK010001345.1	55511	55510	0.7404511020548029	0.7381979493822484	1	1
g5963	g6113	JAREIK010001361.1	63227	63227	0.7346228668132285	0.7819918705616271	1	1
g6071	g6224	JAREIK010001381.1	52007	52007	0.825047258979206	0.850812854442344	1	1
g6072	g6225	JAREIK010001381.1	52180	52184	0.7392614058835866	0.7710374306839187	1	1
g6080	g6231	JAREIK010001381.1	55851	55869	0.8299260141665061	0.8199785139600874	1	1
g6096	g6246	JAREIK010001382.1	52096	52076	0.7983101076825626	0.795521408527202	1	1
g6354	g6512	JAREIK010001435.1	63245	63247	0.6579129742402572	0.5982512791023429	1	1
g6365	g6520	JAREIK010001435.1	69828	69829	0.8046933543679747	0.815802649421091	1	1
g6664	g6818	JAREIK010001468.1	52519	52489	0.8094621277940132	0.8048329487625249	1	1
g6737	g6893	JAREIK010001479.1	56969	56969	0.7987906976744186	0.8255502600101317	1	1
g6814	g6958	JAREIK010001485.1	52133	52136	0.718297046515859	0.740683136926482	1	1
g7061	g7204	JAREIK010001488.1	60507	60508	0.7825454937008722	0.7919580152865854	1	1
g7109	g7250	JAREIK010001488.1	62697	62707	0.8034352347935707	0.82621711044588	1	1
g7220	g7379	JAREIK010001532.1	54443	54443	0.7451299767499902	0.7690044268130887	1	1
g7256	g7413	JAREIK010001538.1	58316	58316	0.762801609071989	0.7738404838685708	1	1
g7262	g7419	JAREIK010001538.1	52322	52322	0.714683862952792	0.7304079332146183	1	1
g7268	g7428	JAREIK010001542.1	50345	50348	0.7146590152175026	0.7395211882649609	1	1
g7326	g7486	JAREIK010001546.1	79771	79791	0.8426957755040017	0.8348975110272945	1	1
g7328	g7490	JAREIK010001546.1	66677	66676	0.8170456762557177	0.8210956468955949	1	1
g7448	g7618	JAREIK010001563.1	50669	50656	0.8183668516764391	0.8318892591643169	1	1
g7563	g7742	JAREIK010001563.1	51465	51467	0.8107366013469093	0.8408127636385654	1	1
g7579	g7761	JAREIK010001563.1	51730	51730	0.8255607199675578	0.8399968179678747	1	1
g7601	g7780	JAREIK010001563.1	51750	51753	0.7889066150507716	0.7790824273033827	1	1
g7602	g7781	JAREIK010001563.1	104518	104518	0.7942285218833641	0.7992140083688317	1	1
g7606	g7783	JAREIK010001563.1	58068	58072	0.7862592681176752	0.791186846038864	1	1
g7800	g7960	JAREIK010001650.1	56082	56073	0.8049780727746829	0.798203902779617	1	1
g7898	g8067	JAREIK010001701.1	50803	50804	0.8443115075048945	0.8367297993641049	1	1
g7923	g8091	JAREIK010001701.1	51191	51195	0.7484398924329958	0.7755876150799774	1	1
g7968	g8128	JAREIK010001718.1	55113	55112	0.772875355728662	0.7454756309701834	1	1
g7994	g8153	JAREIK010001718.1	59351	59367	0.8985833085028577	0.7986125595103151	1	1
g7995	g8154	JAREIK010001718.1	52058	52056	0.7904658120883638	0.7932499386804023	1	1
g8159	g8322	JAREIK010001758.1	55824	55826	0.8768888493370116	0.8739210137576308	1	1
g8206	g8367	JAREIK010001782.1	53713	53713	0.8411620462302751	0.8112438376943496	1	1
g8236	g8394	JAREIK010001797.1	65546	65539	0.8384151001069846	0.8261197749768568	1	1
g8295	g8452	JAREIK010001825.1	51745	51748	0.7443572080337715	0.7617538828672555	1	1
g8301	g8459	JAREIK010001825.1	80108	80114	0.6649155159104554	0.7470786251849311	1	1
g8376	g8531	JAREIK010001871.1	62361	62359	0.8630935475581882	0.8612083868965823	1	1
g8533	g8714	JAREIK010001928.1	60010	59997	0.810652560839696	0.785205643551178	1	1
g8659	g8844	JAREIK010001983.1	51461	51465	0.8184252396290116	0.8080616799675369	1	1
g8766	g8951	JAREIK010002034.1	73507	73507	0.8326639129144892	0.8349756249351727	1	1
g8971	g9178	JAREIK010002107.1	51305	51308	0.9243738427053894	0.9146137054650348	1	1
g9198	g9401	JAREIK010002121.1	51640	51641	0.8373396674584324	0.8318416056414429	1	1
g9209	g9406	JAREIK010002121.1	60978	60980	0.8333658790600794	0.8136314191547741	1	1
g9212	g9410	JAREIK010002121.1	56343	56342	0.7451517554610338	0.7448604439318177	1	1
g9241	g9443	JAREIK010002134.1	61269	61265	0.7655954418520854	0.799268879840699	1	1
g9343	g9547	JAREIK010002147.1	54711	54714	0.7988157901390005	0.8276797556368313	1	1
g9371	g9580	JAREIK010002147.1	60073	60081	0.8102097287232667	0.8243481188016262	1	1
g9378	g9587	JAREIK010002147.1	60269	60271	0.7997616834055703	0.8130914516825696	1	1
g9529	g9748	JAREIK010002187.1	65306	65301	0.7885290784834003	0.7734446141920723	1	1
g9571	g9787	JAREIK010002200.1	55429	55432	0.7900452263803985	0.7722545937954255	1	1
g9620	g9837	JAREIK010002205.1	60356	60366	0.8502882894824044	0.8536427790478084	1	1
g9695	g9914	JAREIK010002205.1	51955	51946	0.8647916765642073	0.8790763236668303	1	1
g9790	g10014	JAREIK010002246.1	53144	53140	0.8050391389432485	0.7693173715615266	1	1
g9929	g10145	JAREIK010002271.1	53093	53110	0.7111257356060524	0.7374746447546591	1	1
g9933	g10151	JAREIK010002271.1	52841	52841	0.7873044801324226	0.7779154750556085	1	1
g9954	g10170	JAREIK010002280.1	56958	56955	0.7124950277060842	0.7193762719980845	1	1
g10117	g10338	JAREIK010002296.1	51917	51923	0.8366413446619022	0.8598809510076482	1	1
g10119	g10340	JAREIK010002296.1	75151	75168	0.7260483754328351	0.7303586824656845	1	1
g10150	g10377	JAREIK010002317.1	58534	58531	0.7808219178082192	0.798605445841735	1	1
g10159	g10390	JAREIK010002323.1	55500	55505	0.7546678652358747	0.7683499981275512	1	1
g10170	g10398	JAREIK010002323.1	62592	62548	0.8679065331425846	0.8909878627632124	1	1
g10187	g10417	JAREIK010002323.1	55287	55287	0.8221994136627204	0.8195801472670632	1	1
g10195	g10424	JAREIK010002323.1	51642	51644	0.7716228052624793	0.7836677465426551	1	1
g10211	g10439	JAREIK010002323.1	59509	59511	0.8371509690921541	0.8363235441515485	1	1
g10298	g10523	JAREIK010002378.1	59777	59780	0.8086142102172637	0.8094484083689765	1	1
g10345	g10574	JAREIK010002415.1	55406	55405	0.7544321465301924	0.7564148100971254	1	1
g10367	g10596	JAREIK010002415.1	71888	71888	0.7522150388742831	0.7503354458687415	1	1
g10423	g10659	JAREIK010002440.1	63705	63705	0.8261035370388026	0.8018468327363361	1	1
g10425	g10661	JAREIK010002440.1	58386	58386	0.7823552236828407	0.8047074634210974	1	1
g10630	g10873	JAREIK010002510.1	56537	56530	0.8410002441321104	0.8531191684542807	1	1
g10677	g10918	JAREIK010002540.1	58087	58080	0.9801804808543958	0.989735333891429	0	0
g10721	g10972	JAREIK010002566.1	51906	51909	0.7755007971541056	0.7580598803694123	1	1
g10787	g11036	JAREIK010002587.1	53740	53750	0.7448704363741451	0.7376226366058086	1	1
g10827	g11071	JAREIK010002587.1	51543	52335	0.8427354976051091	0.8746923513820523	1	1
g10916	g11163	JAREIK010002602.1	59654	59654	0.8050395714233393	0.8213233360080174	1	1
g10981	g11225	JAREIK010002613.1	56832	56845	0.7050042408821035	0.7170598510930584	1	1
g11066	g11303	JAREIK010002637.1	56016	56016	0.816853663174779	0.8254890631448617	1	1
g11244	g11503	JAREIK010002682.1	51425	51442	0.8220908656570483	0.8354135768523611	1	1
g11254	g11515	JAREIK010002682.1	50614	50611	0.7912761290088652	0.8654513720546883	1	1
g11307	g11563	JAREIK010002708.1	93492	96838	0.8884982576241829	0.8767146601313863	1	1
g11314	g11570	JAREIK010002708.1	51867	51864	0.8011631232719992	0.8026009686892186	1	1
g11351	g11601	JAREIK010002708.1	51308	51306	0.8342734331897794	0.835576630197657	1	1
g11478	g11738	JAREIK010002777.1	64473	64466	0.7962154819009148	0.7810940787496243	1	1
g11581	g11842	JAREIK010002829.1	60241	60246	0.8154860512888477	0.8335569580413789	1	1
g11707	g11974	JAREIK010002836.1	61380	61375	0.7730781444658866	0.8372798876235389	1	1
g11725	g11989	JAREIK010002836.1	51152	51150	0.8553786525819812	0.8585983845560881	1	1
g11740	g12002	JAREIK010002836.1	53338	53338	0.7566633102427544	0.7536966162444566	1	1
g11916	g12183	JAREIK010002838.1	58118	58114	0.7686787617184866	0.7720031832957902	1	1
g11992	g12251	JAREIK010002838.1	68809	68816	0.8161633030845691	0.8015964370622977	1	1
g11997	g12257	JAREIK010002838.1	50434	50395	0.7642193921558679	0.7634043063525158	1	1
g12013	g12271	JAREIK010002838.1	58840	58831	0.8151912105260103	0.8110104958672886	1	1
g12026	g12284	JAREIK010002838.1	51044	51063	0.8266719707960875	0.7987879544195986	1	1
g12169	g12437	JAREIK010002869.1	50019	50006	0.749359019428625	0.7324197826200011	1	1
g12196	g12459	JAREIK010002869.1	58495	58514	0.8485251308283834	0.8313785841568119	1	1
g12203	g12465	JAREIK010002869.1	52677	52685	0.7964228588047113	0.8234059529591341	1	1
g12228	g12490	JAREIK010002873.1	51593	51606	0.7996490090227572	0.8861278510946677	1	1
g12229	g12491	JAREIK010002873.1	55485	55485	0.7941042941903972	0.7907571903737037	1	1
g12296	g12548	JAREIK010002910.1	56294	56294	0.8073296237935789	0.869310292731707	1	1
g12362	g12614	JAREIK010002935.1	59542	59540	0.7239487822925715	0.7012257898462132	1	1
g12375	g12629	JAREIK010002936.1	54889	54899	0.7343300851517727	0.7466051108185605	1	1
g12617	g12875	JAREIK010002966.1	50949	50948	0.8627130695466687	0.848704311417902	1	1
g12873	g13141	JAREIK010003023.1	62965	62966	0.7980771408511312	0.7895338829498098	1	1
g12897	g13169	JAREIK010003023.1	64216	64221	0.7768239915455325	0.7707857776537316	1	1
g12908	g13181	JAREIK010003024.1	58340	58362	0.7541195802847674	0.7661610916123487	1	1
g12911	g13184	JAREIK010003024.1	65382	65393	0.8657209255667759	0.870038559024969	1	1
g12953	g13233	JAREIK010003043.1	52396	52412	0.7705546692845748	0.7882129219255601	1	1
g13020	g13310	JAREIK010003076.1	51425	51399	0.8010846835206311	0.8083908710588075	1	1
g13091	g13379	JAREIK010003088.1	51635	51634	0.6105276601597422	0.6445822070748619	1	1
g13233	g13526	JAREIK010003123.1	72762	72766	0.80921699124531	0.8068218612181097	1	1
g13553	g13860	JAREIK010003173.1	58321	58333	0.8014919187733113	0.7568644324393237	1	1
g13638	g13939	JAREIK010003190.1	50406	50407	0.8130966155626266	0.8277214835169802	1	1
g13720	g14018	JAREIK010003198.1	74500	74502	0.7761213884847226	0.7326326398387445	1	1
g14236	g14544	JAREIK010003351.1	55105	55108	0.8052578215527231	0.8124196614465465	1	1
g14337	g14647	JAREIK010003409.1	60750	60742	0.788802999633197	0.7943885754776115	1	1
g14348	g14658	JAREIK010003409.1	70634	70641	0.8037927388086006	0.8367660534291957	1	1
g14385	g14697	JAREIK010003411.1	69840	69830	0.8510515661024574	0.8566563547976187	1	1
g14398	g14710	JAREIK010003411.1	79704	79706	0.7812891113892365	0.7935568295114656	1	1
g14448	g14759	JAREIK010003431.1	62154	62155	0.780888506030027	0.805414551607445	1	1
g14509	g14820	JAREIK010003431.1	63042	63069	0.7981586066157278	0.7668406072106262	1	1
g14751	g15050	JAREIK010003455.1	54274	54281	0.8218499995740076	0.8249731645397079	1	1
g14763	g15063	JAREIK010003455.1	56797	56794	0.808550942052938	0.8146534703911753	1	1
g14875	g15178	JAREIK010003484.1	90539	90547	0.8395795565472041	0.845996659440634	1	1
g14909	g15212	JAREIK010003505.1	63260	63265	0.8314298894278486	0.8233837111670865	1	1
g15075	g15378	JAREIK010003544.1	55866	55864	0.7124840605853264	0.7124908873757193	1	1
g15082	g15384	JAREIK010003544.1	50635	50639	0.7583398839891696	0.7762691493307418	1	1
g15220	g15533	JAREIK010003611.1	50985	50989	0.8680887698488616	0.8536375787664694	1	1
g15317	g15645	JAREIK010003652.1	97713	97730	0.8750625131972305	0.8709785973886122	1	1
g15360	g15692	JAREIK010003679.1	60687	60692	0.6675059820772274	0.6583573126485674	1	1
g15364	g15697	JAREIK010003679.1	74578	74573	0.8123060315746863	0.8217635660782971	1	1
g15372	g15704	JAREIK010003680.1	50314	50314	0.7844138808283977	0.791091942600469	1	1
g15453	g15789	JAREIK010003706.1	115994	115994	0.7273685695406523	0.7352353615704714	1	1
g15620	g15952	JAREIK010003765.1	70547	70547	0.7063874256824505	0.7088870373247095	1	1
g15645	g15976	JAREIK010003765.1	69108	69112	0.7972465447677912	0.8386330296080498	1	1
g15674	g16004	JAREIK010003765.1	59193	59200	0.7397690522568199	0.75750316904034	1	1
g15771	g16103	JAREIK010003801.1	68162	68163	0.7545332725095513	0.745413334473763	1	1
g15911	g16258	JAREIK010003856.1	76614	76599	0.7959433534816015	0.818044261563415	1	1
g16885	g17264	JAREIK010004938.1	53136	53108	0.7777222985062207	0.7867275414838832	1	1
g17628	g18038	JAREIK010005719.1	58660	58661	0.7322069047578575	0.7566037735849057	1	1
g17642	g18056	JAREIK010005719.1	76701	76720	0.8001110924521722	0.8226831284223577	1	1
g18770	g19145	JAREIK010007045.1	51098	51099	0.8058826228605516	0.809882361604595	1	1
g18952	g19336	JAREIK010007270.1	60249	60250	0.8319666303265867	0.8687935295439227	1	1
g19512	g19906	JAREIK010007953.1	51205	51205	0.8126048268356699	0.8050752517460582	1	1
g21114	g21532	JAREIK010009626.1	56629	56623	0.7602780587762301	0.7592155438532776	1	1
g22328	g22760	JAREIK010011019.1	59627	59614	0.7912515150084211	0.6777223096035925	1	1
g23218	g23589	JAREIK010011878.1	55526	55527	0.8125412572156236	0.7850310643338374	1	1
g24039	g24354	JAREIK010012625.1	54669	54669	0.8152541128084606	0.8022998074821791	1	1
g25165	g25416	JAREIK010013702.1	61243	61229	0.7372795524331623	0.7024090469930468	1	1
g25166	g25417	JAREIK010013702.1	61631	61629	0.789492222723174	0.7857554620395457	1	1
g27653	g27859	JAREIK010016414.1	62141	62135	0.8752586590764234	0.8897795241213708	1	1
g29049	g29143	JAREIK010017918.1	106933	106933	0.7501216690750904	0.7857346007035402	1	1
