rank	representation	gene_id	transcript_id	seqid	gene_span_bp	gene_repeat_pct	intron_count	intron_bp	intron_repeat_bp	intron_repeat_pct	longest_intron_bp	longest_intron_repeat_pct	longest_intron_repeat_majority	longest_intron_highly_repeat_laden	cds_bp	cds_repeat_pct	complete_start_stop_proxy	sp_sseqid	sp_evalue	sp_bitscore	sp_pident	sp_stitle	sp_sscinames	nr_sseqid	nr_evalue	nr_bitscore	nr_pident	nr_stitle	nr_sscinames	seed_ortholog	Description	Preferred_name	eggNOG_OGs	GOs	KEGG_ko	PFAMs	orthogroup	orthogroup_representations	guo_members_in_orthogroup	functional_label	label_source	intronic_repeat_kb	longest_intron_kb	also_top20_largest_intron	architecture_set	also_top20_repeat_heavy
17	Guo published	g10119	g10119.t1	JAREIK010002296.1	118739	71.87107858412148	19	117539	85339	72.60483754328351	75151	76.79338930952349	True	True	1200	0.0	1	O82567.1	6e-238	655.0	80.0	O82567.1 RecName: Full=Choline/ethanolaminephosphotransferase 1; AltName: Full=Aminoalcohol phosphotransferase 1; Short=AtAAPT1 [Arabidopsis thaliana]	Arabidopsis thaliana	XP_065851834.1	2.29e-250	697.0	84.4	XP_065851834.1 choline/ethanolaminephosphotransferase 1 isoform X2 [Euphorbia lathyris]	Euphorbia lathyris	3983.cassava4.1_008909m	Belongs to the CDP-alcohol phosphatidyltransferase class-I family	-	COG5050@1|root,KOG2877@2759|Eukaryota,37NBV@33090|Viridiplantae,3GDTP@35493|Streptophyta,4JGTK@91835|fabids	-	ko:K00993	CDP-OH_P_transf	OG0001739	4	1	Choline/ethanolaminephosphotransferase 1	Swiss-Prot	85.339	75.151		largest-intron	False
6	Guo published	g10916	g10916.t1	JAREIK010002602.1	302536	79.92040616653885	18	300343	241788	80.50395714233393	59654	79.74318570422771	True	True	2193	0.0	1							WCJ43822.1	7.139999999999999e-134	427.0	42.8	WCJ43822.1 Transducin/WD40 repeat-like superfamily protein [Euphorbia peplus]	Euphorbia peplus	3694.POPTR_0012s02880.1	Transcription factor IIIC subunit delta N-term	-	28U0I@1|root,2R0R4@2759|Eukaryota,37MMN@33090|Viridiplantae,3G7M0@35493|Streptophyta,4JIPW@91835|fabids	-	-	TFIIIC_delta,WD40,zf-TFIIIC	OG0004001	4	1	Transcription factor IIIC subunit delta N-term	eggNOG	241.788	59.654	False	repeat-heavy	
16	Guo published	g11077	g11077.t1	JAREIK010002645.1	248326	75.90747646239218	34	245254	188498	76.85827754083522	21882	91.41303354355178	True	True	3072	0.0	1	Q9SY55.3	0.0	1447.0	74.3	Q9SY55.3 RecName: Full=Calcium-transporting ATPase 3, endoplasmic reticulum-type; Short=AtECA3 [Arabidopsis thaliana]	Arabidopsis thaliana	XP_012068199.1	0.0	1531.0	77.1	XP_012068199.1 calcium-transporting ATPase 3, endoplasmic reticulum-type isoform X4 [Jatropha curcas]	Jatropha curcas	225117.XP_009375144.1	This magnesium-dependent enzyme catalyzes the hydrolysis of ATP coupled with the transport of calcium	-	COG0474@1|root,KOG0202@2759|Eukaryota,37QT1@33090|Viridiplantae,3GFMS@35493|Streptophyta,4JGCX@91835|fabids	GO:0000041,GO:0003674,GO:0003824,GO:0005215,GO:0005384,GO:0005388,GO:0005575,GO:0005622,GO:0005623,GO:0005737,GO:0005768,GO:0005794,GO:0005802,GO:0006810,GO:0006811,GO:0006812,GO:0006816,GO:0006828,GO:0007275,GO:0008150,GO:0008324,GO:0012505,GO:0015075,GO:0015085,GO:0015318,GO:0015399,GO:0015405,GO:0015410,GO:0015662,GO:0016462,GO:0016787,GO:0016817,GO:0016818,GO:0016887,GO:0017111,GO:0019829,GO:0022622,GO:0022804,GO:0022853,GO:0022857,GO:0022890,GO:0030001,GO:0031410,GO:0031982,GO:0031984,GO:0032501,GO:0032502,GO:0034220,GO:0042592,GO:0042623,GO:0042625,GO:0042626,GO:0043226,GO:0043227,GO:0043229,GO:0043231,GO:0043492,GO:0044422,GO:0044424,GO:0044431,GO:0044444,GO:0044446,GO:0044464,GO:0046873,GO:0046915,GO:0048364,GO:0048731,GO:0048856,GO:0048878,GO:0050801,GO:0051179,GO:0051234,GO:0055065,GO:0055071,GO:0055076,GO:0055080,GO:0055085,GO:0065007,GO:0065008,GO:0070588,GO:0070838,GO:0071421,GO:0072511,GO:0090662,GO:0097708,GO:0098655,GO:0098660,GO:0098662,GO:0098771,GO:0098791,GO:0099131,GO:0099132,GO:0099402	ko:K01537,ko:K05853	Cation_ATPase,Cation_ATPase_C,Cation_ATPase_N,E1-E2_ATPase,Hydrolase,Hydrolase_3	OG0005176	4	1	Calcium-transporting ATPase 3, endoplasmic reticulum-type	Swiss-Prot	188.498	21.882	False	repeat-heavy	
1	Guo published	g1117	g1117.t5	JAREIK010000185.1	336672	80.91257960269937	34	331782	272373	82.09396531457402	45179	92.2707452577525	True	True	4890	0.75664621676891	1	Q9C5X8.1	0.0	945.0	55.5	Q9C5X8.1 RecName: Full=Molybdenum cofactor sulfurase; Short=MCS; Short=MOS; Short=MoCo sulfurase; AltName: Full=Abscisic acid protein 3; AltName: Full=Low expression of osmotically expressive genes protein 5; AltName: Full=Molybdenum cofactor sulfurtransferase [Arabidopsis thaliana]	Arabidopsis thaliana	XP_057988840.1	0.0	1102.0	62.7	XP_057988840.1 molybdenum cofactor sulfurase isoform X1 [Hevea brasiliensis]	Hevea brasiliensis	3983.cassava4.1_001805m	Sulfurates the molybdenum cofactor. Sulfation of molybdenum is essential for xanthine dehydrogenase (XDH) and aldehyde oxidase (ADO) enzymes in which molybdenum cofactor is liganded by 1 oxygen and 1 sulfur atom in active form	-	COG0520@1|root,KOG2142@2759|Eukaryota,37PBN@33090|Viridiplantae,3G957@35493|Streptophyta,4JE15@91835|fabids	-	ko:K15631	Aminotran_5,MOSC,MOSC_N	OG0006116	4	1	Molybdenum cofactor sulfurase	Swiss-Prot	272.373	45.179	False	repeat-heavy	
7	Guo published	g11307	g11307.t1	JAREIK010002708.1	97441	88.44223684075492	3	96994	86179	88.84982576241829	93492	91.98327129593976	True	True	447	0.0	1	Q93ZG7.2	3.1300000000000002e-21	91.7	79.2	Q93ZG7.2 RecName: Full=DEAD-box ATP-dependent RNA helicase 38; AltName: Full=Low expression of osmotically-responsive genes 4 protein; AltName: Full=Protein CRYOPHYTE [Arabidopsis thaliana]	Arabidopsis thaliana	KAL7174329.1	5.02e-24	99.8	85.2	KAL7174329.1 hypothetical protein ACSBR2_033568 [Camellia fascicularis]	Camellia fascicularis	29760.VIT_08s0007g04400.t01	DEAD-box ATP-dependent RNA helicase	LOS4	KOG0332@1|root,KOG0332@2759|Eukaryota,37HGT@33090|Viridiplantae,3G7QE@35493|Streptophyta	GO:0001101,GO:0003674,GO:0003724,GO:0003824,GO:0004004,GO:0004386,GO:0005575,GO:0005622,GO:0005623,GO:0005634,GO:0005635,GO:0005730,GO:0005737,GO:0005886,GO:0006139,GO:0006403,GO:0006405,GO:0006406,GO:0006611,GO:0006725,GO:0006807,GO:0006810,GO:0006886,GO:0006913,GO:0006950,GO:0008026,GO:0008104,GO:0008150,GO:0008152,GO:0008186,GO:0009266,GO:0009408,GO:0009409,GO:0009628,GO:0009719,GO:0009725,GO:0009737,GO:0009987,GO:0010033,GO:0010467,GO:0010501,GO:0012505,GO:0015031,GO:0015833,GO:0015931,GO:0016020,GO:0016070,GO:0016462,GO:0016787,GO:0016817,GO:0016818,GO:0016887,GO:0016973,GO:0017111,GO:0031503,GO:0031967,GO:0031974,GO:0031975,GO:0031981,GO:0033036,GO:0033993,GO:0034613,GO:0034641,GO:0042221,GO:0042623,GO:0042886,GO:0043170,GO:0043226,GO:0043227,GO:0043228,GO:0043229,GO:0043231,GO:0043232,GO:0043233,GO:0044237,GO:0044238,GO:0044422,GO:0044424,GO:0044428,GO:0044446,GO:0044464,GO:0045184,GO:0046483,GO:0046907,GO:0050657,GO:0050658,GO:0050896,GO:0051028,GO:0051168,GO:0051169,GO:0051179,GO:0051234,GO:0051236,GO:0051641,GO:0051649,GO:0070013,GO:0070035,GO:0070727,GO:0071166,GO:0071426,GO:0071427,GO:0071702,GO:0071704,GO:0071705,GO:0071944,GO:0090304,GO:0097305,GO:0140098,GO:1901360,GO:1901700	ko:K18655	DEAD,Helicase_C	OG0004353	4	1	DEAD-box ATP-dependent RNA helicase 38	Swiss-Prot	86.179	93.492		largest-intron	False
18	Guo published	g1173	g1173.t2	JAREIK010000215.1	140570	85.14263356334922	9	139130	119685	86.02386257457054	74852	81.993801100839	True	True	1440	0.0	1	Q9M7I2.1	1.18e-237	661.0	71.0	Q9M7I2.1 RecName: Full=B-type cell cycle switch protein ccs52A; Short=MtCcs52A [Medicago truncatula]	Medicago truncatula	XP_021686258.2	6.8e-255	714.0	74.1	XP_021686258.2 B-type cell cycle switch protein ccs52A [Hevea brasiliensis]	Hevea brasiliensis	3983.cassava4.1_006482m	Fizzy-related	-	COG2319@1|root,KOG0305@2759|Eukaryota,37ISU@33090|Viridiplantae,3G8X6@35493|Streptophyta,4JGNB@91835|fabids	GO:0000902,GO:0000904,GO:0005575,GO:0005622,GO:0005623,GO:0005634,GO:0005737,GO:0006139,GO:0006259,GO:0006260,GO:0006261,GO:0006275,GO:0006725,GO:0006807,GO:0007049,GO:0008150,GO:0008152,GO:0008361,GO:0009058,GO:0009059,GO:0009653,GO:0009825,GO:0009888,GO:0009889,GO:0009891,GO:0009893,GO:0009987,GO:0010026,GO:0010073,GO:0010074,GO:0010090,GO:0010091,GO:0010492,GO:0010556,GO:0010557,GO:0010564,GO:0010604,GO:0016043,GO:0016049,GO:0019219,GO:0019222,GO:0019827,GO:0022402,GO:0030154,GO:0031323,GO:0031325,GO:0031326,GO:0031328,GO:0032501,GO:0032502,GO:0032535,GO:0032875,GO:0032877,GO:0032989,GO:0034641,GO:0034645,GO:0040007,GO:0042023,GO:0043170,GO:0043226,GO:0043227,GO:0043229,GO:0043231,GO:0044237,GO:0044238,GO:0044249,GO:0044260,GO:0044424,GO:0044464,GO:0044786,GO:0045740,GO:0045787,GO:0045935,GO:0046483,GO:0048468,GO:0048507,GO:0048518,GO:0048522,GO:0048856,GO:0048869,GO:0050789,GO:0050794,GO:0051052,GO:0051054,GO:0051171,GO:0051173,GO:0051726,GO:0060255,GO:0065007,GO:0065008,GO:0071704,GO:0071840,GO:0080090,GO:0090066,GO:0090068,GO:0090304,GO:0090329,GO:0090558,GO:0090626,GO:0098727,GO:1901360,GO:1901576,GO:2000105,GO:2000112	ko:K03364	ANAPC4_WD40,WD40	OG0008341	4	1	B-type cell cycle switch protein ccs52A	Swiss-Prot	119.685	74.852		largest-intron	False
8	Guo published	g11920	g11920.t1	JAREIK010002838.1	294230	76.45039594874757	26	290978	224940	77.30481342232058	45712	67.49868743437172	True	False	3252	0.0	1	Q84LK0.1	0.0	1315.0	60.9	Q84LK0.1 RecName: Full=DNA mismatch repair protein MSH1, mitochondrial; Short=AtMSH1; AltName: Full=MutS protein homolog 1; AltName: Full=Protein CHLOROPLAST MUTATOR; Flags: Precursor [Arabidopsis thaliana]	Arabidopsis thaliana	XP_038701517.1	0.0	1408.0	63.5	XP_038701517.1 DNA mismatch repair protein MSH1, mitochondrial isoform X1 [Tripterygium wilfordii]	Tripterygium wilfordii	3694.POPTR_0010s07550.1	DNA mismatch repair protein	MSH1	COG0249@1|root,KOG0217@2759|Eukaryota,37N15@33090|Viridiplantae,3GD13@35493|Streptophyta,4JNJ9@91835|fabids	GO:0000002,GO:0000217,GO:0000404,GO:0003674,GO:0003676,GO:0003677,GO:0003684,GO:0003690,GO:0003824,GO:0005488,GO:0005575,GO:0005622,GO:0005623,GO:0005737,GO:0005739,GO:0006139,GO:0006259,GO:0006281,GO:0006298,GO:0006725,GO:0006807,GO:0006950,GO:0006974,GO:0006996,GO:0007005,GO:0008094,GO:0008150,GO:0008152,GO:0009266,GO:0009408,GO:0009507,GO:0009536,GO:0009579,GO:0009628,GO:0009987,GO:0016020,GO:0016043,GO:0016462,GO:0016787,GO:0016817,GO:0016818,GO:0016887,GO:0017111,GO:0030983,GO:0032042,GO:0032135,GO:0032300,GO:0032991,GO:0033554,GO:0034357,GO:0034641,GO:0042623,GO:0042651,GO:0043170,GO:0043226,GO:0043227,GO:0043229,GO:0043231,GO:0043570,GO:0044237,GO:0044238,GO:0044260,GO:0044424,GO:0044436,GO:0044444,GO:0044464,GO:0046483,GO:0050896,GO:0051276,GO:0051716,GO:0071704,GO:0071840,GO:0090304,GO:0097159,GO:1901360,GO:1901363,GO:1990391	-	GIY-YIG,MutS_I,MutS_V	OG0006168	4	1	DNA mismatch repair protein MSH1, mitochondrial	Swiss-Prot	224.94	45.712	False	repeat-heavy	
13	Guo published	g14398	g14398.t1	JAREIK010003411.1	80758	77.29884345823324	3	79900	62425	78.12891113892366	79704	78.32103784000803	True	True	858	0.0	1	Q700W2.2	5.92e-48	166.0	46.5	Q700W2.2 RecName: Full=Squamosa promoter-binding-like protein 9 [Arabidopsis thaliana]	Arabidopsis thaliana	XP_021622515.1	1.36e-97	302.0	56.5	XP_021622515.1 squamosa promoter-binding-like protein 9 isoform X1 [Manihot esculenta]	Manihot esculenta	3641.EOY09456	Squamosa promoter-binding-like protein	SPL9	2CMBG@1|root,2QPVZ@2759|Eukaryota,37J65@33090|Viridiplantae,3G81D@35493|Streptophyta	GO:0000003,GO:0003006,GO:0003674,GO:0003700,GO:0006355,GO:0007275,GO:0008150,GO:0008361,GO:0009791,GO:0009889,GO:0009908,GO:0009987,GO:0010228,GO:0010468,GO:0010556,GO:0016043,GO:0019219,GO:0019222,GO:0022414,GO:0022603,GO:0031323,GO:0031326,GO:0032501,GO:0032502,GO:0032535,GO:0042127,GO:0048366,GO:0048367,GO:0048437,GO:0048438,GO:0048443,GO:0048466,GO:0048608,GO:0048653,GO:0048731,GO:0048827,GO:0048831,GO:0048856,GO:0050789,GO:0050793,GO:0050794,GO:0051171,GO:0051239,GO:0051252,GO:0060255,GO:0061458,GO:0065007,GO:0065008,GO:0071840,GO:0080090,GO:0090066,GO:0090567,GO:0099402,GO:0140110,GO:1900618,GO:1901371,GO:1903506,GO:1905421,GO:1905428,GO:2000024,GO:2000025,GO:2000026,GO:2000112,GO:2001141	-	SBP	OG0008477	4	1	Squamosa promoter-binding-like protein 9	Swiss-Prot	62.425	79.704		largest-intron	False
9	Guo published	g14761	g14761.t2	JAREIK010003455.1	96327	77.09468788605479	10	95085	74135	77.96708208445075	86290	78.91412678178236	True	True	1242	10.30595813204508	1							KAF2318100.1	2.09e-34	143.0	51.4	KAF2318100.1 hypothetical protein GH714_041445 [Hevea brasiliensis]	Hevea brasiliensis	3641.EOY31176	SPOC domain	-	KOG1634@1|root,KOG1634@2759|Eukaryota,37TCS@33090|Viridiplantae,3GGTU@35493|Streptophyta	-	-	SPOC	OG0002338	4	1	SPOC domain	eggNOG	74.135	86.29		largest-intron	False
8	Guo published	g14875	g14875.t1	JAREIK010003484.1	115375	83.50249187432286	6	114736	96330	83.95795565472041	90539	85.81053468670959	True	True	639	1.72143974960876	1	Q8VXV4.1	8.070000000000001e-79	245.0	71.0	Q8VXV4.1 RecName: Full=Chaperone protein dnaJ 16; Short=AtDjB16; Short=AtJ16; AltName: Full=Protein ARG1-LIKE 1; Short=AtARL1 [Arabidopsis thaliana]	Arabidopsis thaliana	KAF2302463.1	2.2e-86	271.0	81.7	KAF2302463.1 hypothetical protein GH714_036436 [Hevea brasiliensis]	Hevea brasiliensis	3983.cassava4.1_008789m	Chaperone protein DNAj	-	COG0484@1|root,KOG0713@2759|Eukaryota,37IWE@33090|Viridiplantae,3G8YA@35493|Streptophyta,4JKUI@91835|fabids	GO:0001101,GO:0008150,GO:0009719,GO:0009725,GO:0009737,GO:0010033,GO:0033993,GO:0042221,GO:0050896,GO:0097305,GO:1901700	-	DnaJ	OG0004508	4	1	Chaperone protein dnaJ 16	Swiss-Prot	96.33	90.539		largest-intron	False
20	Guo published	g15028	g15028.t1	JAREIK010003523.1	228864	77.06804040827741	22	224121	176381	78.6990063403251	42012	81.65524135961154	True	True	4743	0.0	1	O94915.2	7.670000000000001e-35	150.0	21.9	O94915.2 RecName: Full=Protein furry homolog-like; AltName: Full=ALL1-fused gene from chromosome 4p12 protein [Homo sapiens]	Homo sapiens	XP_058009381.1	0.0	2291.0	72.1	XP_058009381.1 uncharacterized protein LOC110670752 isoform X1 [Hevea brasiliensis]	Hevea brasiliensis	3983.cassava4.1_000047m	Cell morphogenesis N-terminal	-	KOG1825@1|root,KOG1825@2759|Eukaryota,37N4R@33090|Viridiplantae,3GBY0@35493|Streptophyta,4JIE2@91835|fabids	-	-	MOR2-PAG1_C,MOR2-PAG1_N,MOR2-PAG1_mid	OG0004396	4	1	Protein furry homolog-like	Swiss-Prot	176.381	42.012	False	repeat-heavy	
6	Guo published	g15317	g15317.t1	JAREIK010003652.1	181381	86.82166268793313	11	179962	157478	87.50625131972305	97713	87.7877048089814	True	True	1419	0.0	1	Q5Q0E6.1	1.65e-78	255.0	36.9	Q5Q0E6.1 RecName: Full=Type 2 DNA topoisomerase 6 subunit B-like; AltName: Full=Meiotic topoisomerase VIB-like; Short=AtMTOPVIB [Arabidopsis thaliana]	Arabidopsis thaliana	XWS63669.1	9.51e-116	355.0	54.7	XWS63669.1 hypothetical protein CRYUN_Cryun06bG0121300 [Craigia yunnanensis]	Craigia yunnanensis	3641.EOY00504	-	-	28KHT@1|root,2QSZ1@2759|Eukaryota,37Q7N@33090|Viridiplantae,3GCJ3@35493|Streptophyta	GO:0000003,GO:0000280,GO:0000793,GO:0003006,GO:0003674,GO:0003824,GO:0003916,GO:0003918,GO:0005488,GO:0005515,GO:0005575,GO:0005622,GO:0005623,GO:0005694,GO:0006139,GO:0006259,GO:0006310,GO:0006725,GO:0006807,GO:0006996,GO:0007049,GO:0007127,GO:0007131,GO:0007275,GO:0007276,GO:0008094,GO:0008150,GO:0008152,GO:0009553,GO:0009555,GO:0009561,GO:0009653,GO:0009790,GO:0009987,GO:0016043,GO:0016462,GO:0016787,GO:0016817,GO:0016818,GO:0016853,GO:0016887,GO:0017111,GO:0019953,GO:0022402,GO:0022412,GO:0022414,GO:0030154,GO:0030674,GO:0032501,GO:0032502,GO:0032504,GO:0034641,GO:0035825,GO:0042138,GO:0042623,GO:0043170,GO:0043226,GO:0043228,GO:0043229,GO:0043232,GO:0044237,GO:0044238,GO:0044260,GO:0044424,GO:0044464,GO:0044703,GO:0046483,GO:0048229,GO:0048232,GO:0048235,GO:0048285,GO:0048314,GO:0048598,GO:0048609,GO:0048856,GO:0048869,GO:0051321,GO:0051704,GO:0055046,GO:0060090,GO:0061505,GO:0061982,GO:0071704,GO:0071840,GO:0090304,GO:0090305,GO:0140013,GO:0140097,GO:1901360,GO:1903046	-	-	OG0005109	4	1	Type 2 DNA topoisomerase 6 subunit B-like	Swiss-Prot	157.478	97.713		largest-intron	False
20	Guo published	g15364	g15364.t1	JAREIK010003679.1	104613	80.5636010820835	8	103754	84280	81.23060315746862	74578	80.49558851135724	True	True	801	0.0	1							CAN4966487.1	1.81e-15	88.2	39.1	CAN4966487.1 unnamed protein product [Viola suecica]	Viola suecica	981085.XP_010111046.1	-	-	2DBK1@1|root,2S5I7@2759|Eukaryota,37WJS@33090|Viridiplantae,3GJ45@35493|Streptophyta,4JQNG@91835|fabids	-	-	-	OG0007215	4	1	unnamed protein product	NR	84.28	74.578		largest-intron	False
1	Guo published	g15453	g15453.t1	JAREIK010003706.1	135327	72.41496523236309	7	134691	97970	72.73685695406523	115994	74.94180733486215	True	False	636	4.24528301886792	1	Q84VW5.1	4.64e-16	75.1	63.0	Q84VW5.1 RecName: Full=Mediator of RNA polymerase II transcription subunit 32; AltName: Full=Mediator of RNA polymerase II transcription subunit 2 [Arabidopsis thaliana]	Arabidopsis thaliana	KAL0536255.1	8.930000000000001e-21	95.9	67.8	KAL0536255.1 hypothetical protein IC582_025198 [Cucumis melo]	Cucumis melo	3656.XP_008457936.1	mediator of RNA polymerase II transcription subunit	-	29TJK@1|root,2RXGF@2759|Eukaryota,37U3B@33090|Viridiplantae,3GI2H@35493|Streptophyta,4JPBE@91835|fabids	GO:0000302,GO:0005575,GO:0005622,GO:0005623,GO:0005634,GO:0005654,GO:0006950,GO:0006979,GO:0007275,GO:0008150,GO:0009266,GO:0009409,GO:0009628,GO:0009631,GO:0009636,GO:0010035,GO:0016592,GO:0022622,GO:0031974,GO:0031981,GO:0032501,GO:0032502,GO:0032991,GO:0042221,GO:0042493,GO:0042542,GO:0043226,GO:0043227,GO:0043229,GO:0043231,GO:0043233,GO:0044422,GO:0044424,GO:0044428,GO:0044446,GO:0044451,GO:0044464,GO:0046677,GO:0048364,GO:0048731,GO:0048856,GO:0050896,GO:0070013,GO:0099402,GO:1901700	-	-	OG0005631	4	1	Mediator of RNA polymerase II transcription subunit 32	Swiss-Prot	97.97	115.994		largest-intron	False
16	Guo published	g15911	g15911.t2	JAREIK010003856.1	106164	79.0051241475453	15	103731	82564	79.59433534816014	76614	80.22815673375622	True	True	2433	53.88409371146733	1	O65628.3	2.7599999999999998e-98	316.0	40.1	O65628.3 RecName: Full=Cytoplasmic tRNA 2-thiolation protein 2 [Arabidopsis thaliana]	Arabidopsis thaliana	XP_021645683.2	5.33e-120	381.0	46.4	XP_021645683.2 cytoplasmic tRNA 2-thiolation protein 2 [Hevea brasiliensis]	Hevea brasiliensis	3983.cassava4.1_007143m	Plays a central role in 2-thiolation of mcm(5)S(2)U at tRNA wobble positions of tRNA(Lys), tRNA(Glu) and tRNA(Gln). May act by forming a heterodimer with NCS6 CTU1 that ligates sulfur from thiocarboxylated URM1 onto the uridine of tRNAs at wobble position	-	KOG2594@1|root,KOG2594@2759|Eukaryota,37NCC@33090|Viridiplantae,3G7B9@35493|Streptophyta,4JMT5@91835|fabids	GO:0002097,GO:0002098,GO:0002143,GO:0003674,GO:0003824,GO:0005575,GO:0005622,GO:0005623,GO:0005737,GO:0005829,GO:0006139,GO:0006396,GO:0006399,GO:0006400,GO:0006725,GO:0006807,GO:0007275,GO:0008033,GO:0008150,GO:0008152,GO:0009451,GO:0009653,GO:0009791,GO:0009987,GO:0010015,GO:0010101,GO:0010102,GO:0010311,GO:0010467,GO:0016070,GO:0016740,GO:0016782,GO:0016783,GO:0022622,GO:0032501,GO:0032502,GO:0034227,GO:0034470,GO:0034641,GO:0034660,GO:0043170,GO:0043412,GO:0044237,GO:0044238,GO:0044424,GO:0044444,GO:0044464,GO:0046483,GO:0048364,GO:0048527,GO:0048528,GO:0048646,GO:0048731,GO:0048856,GO:0071704,GO:0090304,GO:0090696,GO:0090697,GO:0090698,GO:0099402,GO:1901360,GO:1905392,GO:1905393	ko:K14169	CTU2	OG0002418	4	1	Cytoplasmic tRNA 2-thiolation protein 2	Swiss-Prot	82.564	76.614		largest-intron	False
15	Guo published	g17642	g17642.t1	JAREIK010005719.1	77776	79.63767743262703	4	77413	61939	80.01110924521721	76701	80.44354050142762	True	True	363	0.0	1	Q9M2J9.1	1.18e-45	146.0	64.8	Q9M2J9.1 RecName: Full=Bet1-like SNARE 1-1; Short=AtBET11; AltName: Full=Bet1/Sft1-like SNARE 14a; Short=AtBS14a [Arabidopsis thaliana]	Arabidopsis thaliana	XP_021606731.1	4.9700000000000003e-51	168.0	75.4	XP_021606731.1 bet1-like SNARE 1-1 isoform X1 [Manihot esculenta]	Manihot esculenta	29760.VIT_07s0005g02990.t01	Bet1-like SNARE 1-1	-	KOG3385@1|root,KOG3385@2759|Eukaryota,37UQ6@33090|Viridiplantae,3GIYF@35493|Streptophyta	GO:0005575,GO:0005622,GO:0005623,GO:0005634,GO:0005886,GO:0016020,GO:0043226,GO:0043227,GO:0043229,GO:0043231,GO:0044424,GO:0044464,GO:0071944	ko:K08504	-	OG0004568	4	1	Bet1-like SNARE 1-1	Swiss-Prot	61.939	76.701		largest-intron	False
10	Guo published	g2379	g2379.t1	JAREIK010000403.1	304483	73.29604608467469	59	296746	223139	75.19528485640919	29834	71.85090835958972	True	False	7737	0.45237172030502	1	Q9FNQ1.1	0.0	2949.0	70.9	Q9FNQ1.1 RecName: Full=DExH-box ATP-dependent RNA helicase DExH14; AltName: Full=BRR2 homolog C; Short=AtBRR2C; AltName: Full=Pre-mRNA-splicing helicase BRR2C [Arabidopsis thaliana]	Arabidopsis thaliana	XP_057988383.1	0.0	3191.0	77.1	XP_057988383.1 DExH-box ATP-dependent RNA helicase DExH14 isoform X1 [Hevea brasiliensis]	Hevea brasiliensis	3988.XP_002514664.1	Activating signal cointegrator 1 complex subunit	ASCC3	COG1204@1|root,KOG0952@2759|Eukaryota,37HZZ@33090|Viridiplantae,3GB1G@35493|Streptophyta,4JFZ4@91835|fabids	GO:0003674,GO:0003676,GO:0003723,GO:0003729,GO:0005488,GO:0097159,GO:1901363	ko:K18663	DEAD,Helicase_C,Sec63	OG0003975	4	1	DExH-box ATP-dependent RNA helicase DExH14	Swiss-Prot	223.139	29.834	False	repeat-heavy	
2	Guo published	g29049	g29049.t2	JAREIK010017918.1	268924	74.50841129835939	12	267118	200371	75.01216690750904	106933	71.70658262650444	True	False	1806	0.0	1	F4IBD7.1	5.1700000000000005e-222	637.0	49.9	F4IBD7.1 RecName: Full=CSC1-like protein RXW8 [Arabidopsis thaliana]	Arabidopsis thaliana	XP_021600993.1	2.1499999999999997e-285	806.0	61.1	XP_021600993.1 CSC1-like protein RXW8 [Manihot esculenta]	Manihot esculenta	3983.cassava4.1_002403m	CSC1-like protein RXW8	-	COG5594@1|root,KOG1134@2759|Eukaryota,37HX2@33090|Viridiplantae,3GCVA@35493|Streptophyta,4JI0X@91835|fabids	-	ko:K21989	PHM7_cyt,RSN1_7TM,RSN1_TM	OG0009278	4	1	CSC1-like protein RXW8	Swiss-Prot	200.371	106.933		largest-intron	True
13	Guo published	g29049	g29049.t2	JAREIK010017918.1	268924	74.50841129835939	12	267118	200371	75.01216690750904	106933	71.70658262650444	True	False	1806	0.0	1	F4IBD7.1	5.1700000000000005e-222	637.0	49.9	F4IBD7.1 RecName: Full=CSC1-like protein RXW8 [Arabidopsis thaliana]	Arabidopsis thaliana	XP_021600993.1	2.1499999999999997e-285	806.0	61.1	XP_021600993.1 CSC1-like protein RXW8 [Manihot esculenta]	Manihot esculenta	3983.cassava4.1_002403m	CSC1-like protein RXW8	-	COG5594@1|root,KOG1134@2759|Eukaryota,37HX2@33090|Viridiplantae,3GCVA@35493|Streptophyta,4JI0X@91835|fabids	-	ko:K21989	PHM7_cyt,RSN1_7TM,RSN1_TM	OG0009278	4	1	CSC1-like protein RXW8	Swiss-Prot	200.371	106.933	True	repeat-heavy	
14	Guo published	g2920	g2920.t1	JAREIK010000438.1	261225	76.68791271892047	30	253533	200328	79.01456615115193	30900	86.27831715210355	True	True	7692	0.0	1	Q3UHA3.3	1.1700000000000001e-27	127.0	20.2	Q3UHA3.3 RecName: Full=Spatacsin; AltName: Full=Spastic paraplegia 11 protein homolog [Mus musculus]	Mus musculus	XP_021630187.1	0.0	2422.0	49.1	XP_021630187.1 uncharacterized protein LOC110628050 [Manihot esculenta]	Manihot esculenta	3641.EOX92318	maturation of SSU-rRNA from tricistronic rRNA transcript (SSU-rRNA, 5.8S rRNA, LSU-rRNA)	-	KOG1884@1|root,KOG1884@2759|Eukaryota,37RWH@33090|Viridiplantae,3GGZ5@35493|Streptophyta	-	ko:K19026	Spatacsin_C	OG0009204	4	1	Spatacsin	Swiss-Prot	200.328	30.9	False	repeat-heavy	
19	Guo published	g3291	g3291.t1	JAREIK010000556.1	96599	78.02047640244723	4	95879	75349	78.58759478092179	74765	78.36822042399518	True	True	720	2.5	1	Q9SIE0.2	6.5e-100	296.0	64.0	Q9SIE0.2 RecName: Full=DNA oxidative demethylase ALKBH2; AltName: Full=Alkylated DNA repair protein alkB homolog 2; AltName: Full=Alpha-ketoglutarate-dependent dioxygenase alkB homolog 2 [Arabidopsis thaliana]	Arabidopsis thaliana	KAJ0081926.1	3.39e-113	335.0	74.0	KAJ0081926.1 hypothetical protein Patl1_09602 [Pistacia atlantica]	Pistacia atlantica	3983.cassava4.1_025758m	Alpha-ketoglutarate-dependent dioxygenase alkB homolog	-	COG3145@1|root,2QW9E@2759|Eukaryota,37PTG@33090|Viridiplantae,3GA6P@35493|Streptophyta,4JG03@91835|fabids	GO:0003674,GO:0003824,GO:0005488,GO:0005506,GO:0006139,GO:0006259,GO:0006281,GO:0006304,GO:0006307,GO:0006725,GO:0006807,GO:0006950,GO:0006974,GO:0008150,GO:0008152,GO:0008198,GO:0008283,GO:0009451,GO:0009987,GO:0016070,GO:0016491,GO:0016705,GO:0016706,GO:0032451,GO:0033554,GO:0034641,GO:0035510,GO:0035511,GO:0035513,GO:0035514,GO:0035515,GO:0035552,GO:0043167,GO:0043169,GO:0043170,GO:0043412,GO:0043734,GO:0044237,GO:0044238,GO:0044260,GO:0044728,GO:0046483,GO:0046872,GO:0046914,GO:0050896,GO:0051213,GO:0051716,GO:0055114,GO:0070988,GO:0070989,GO:0071704,GO:0080111,GO:0090304,GO:0140097,GO:0140098,GO:1901360,GO:1990930	ko:K10859	2OG-FeII_Oxy_2,DUF4057	OG0007184	4	1	DNA oxidative demethylase ALKBH2	Swiss-Prot	75.349	74.765		largest-intron	False
10	Guo published	g3627	g3627.t1	JAREIK010000665.1	129816	77.8732975904357	10	128757	101092	78.5137895415395	83117	82.94813335418748	True	True	1059	0.0	1	Q8GW19.2	1.06e-102	307.0	55.4	Q8GW19.2 RecName: Full=CAAX prenyl protease 2; AltName: Full=Farnesylated proteins-converting enzyme 2; Short=AtFACE-2; AltName: Full=Prenyl protein-specific endoprotease 2; AltName: Full=Protein RAS-CONVERTING ENZYME 1; Short=AtRCE1 [Arabidopsis thaliana]	Arabidopsis thaliana	XP_021621917.2	5.66e-128	381.0	64.6	XP_021621917.2 CAAX prenyl protease 2 isoform X1 [Manihot esculenta]	Manihot esculenta	3641.EOY08211	caax prenyl protease	-	KOG4130@1|root,KOG4130@2759|Eukaryota,37RHQ@33090|Viridiplantae,3GD4P@35493|Streptophyta	GO:0003674,GO:0003824,GO:0004175,GO:0004197,GO:0004222,GO:0005575,GO:0005622,GO:0005623,GO:0005737,GO:0005783,GO:0005789,GO:0006508,GO:0006807,GO:0008150,GO:0008152,GO:0008233,GO:0008234,GO:0008237,GO:0009987,GO:0010467,GO:0012505,GO:0016020,GO:0016021,GO:0016485,GO:0016787,GO:0019538,GO:0030176,GO:0031224,GO:0031227,GO:0031984,GO:0042175,GO:0043170,GO:0043226,GO:0043227,GO:0043229,GO:0043231,GO:0044237,GO:0044238,GO:0044260,GO:0044267,GO:0044422,GO:0044424,GO:0044425,GO:0044432,GO:0044444,GO:0044446,GO:0044464,GO:0051604,GO:0070011,GO:0071586,GO:0071704,GO:0080120,GO:0098827,GO:0140096,GO:1901564	ko:K08658	Abi	OG0005635	4	1	CAAX prenyl protease 2	Swiss-Prot	101.092	83.117		largest-intron	False
4	Guo published	g3944	g3944.t1	JAREIK010000801.1	108647	78.69246274632525	8	106754	85497	80.08786556007269	103898	80.57517950297407	True	True	1893	0.0	1	Q8W4B1.1	8.55e-173	509.0	51.7	Q8W4B1.1 RecName: Full=RNA-binding KH domain-containing protein RCF3; AltName: Full=Protein ENHANCED STRESS RESPONSE 1; AltName: Full=Protein HIGH OSMOTIC STRESS GENE EXPRESSION 5; AltName: Full=Protein REGULATOR OF CBF GENE EXPRESSION 3; AltName: Full=Protein SHINY 1 [Arabidopsis thaliana]	Arabidopsis thaliana	KAF2304903.1	1.3600000000000002e-223	647.0	58.0	KAF2304903.1 hypothetical protein GH714_000425 [Hevea brasiliensis]	Hevea brasiliensis	3983.cassava4.1_003175m	KH domain-containing protein	-	KOG2190@1|root,KOG2190@2759|Eukaryota,37QCJ@33090|Viridiplantae,3G7QU@35493|Streptophyta,4JF7P@91835|fabids	GO:0001101,GO:0002831,GO:0003674,GO:0003676,GO:0003723,GO:0005488,GO:0005575,GO:0005622,GO:0005623,GO:0005634,GO:0005654,GO:0006139,GO:0006396,GO:0006725,GO:0006807,GO:0006950,GO:0006970,GO:0007154,GO:0007165,GO:0008150,GO:0008152,GO:0009266,GO:0009408,GO:0009628,GO:0009719,GO:0009725,GO:0009753,GO:0009755,GO:0009867,GO:0009892,GO:0009987,GO:0010033,GO:0010286,GO:0010445,GO:0010467,GO:0010468,GO:0010605,GO:0010608,GO:0010629,GO:0014070,GO:0016070,GO:0016441,GO:0016458,GO:0016604,GO:0019222,GO:0023052,GO:0031047,GO:0031050,GO:0031053,GO:0031347,GO:0031974,GO:0031981,GO:0032101,GO:0032870,GO:0034470,GO:0034641,GO:0034660,GO:0035194,GO:0035195,GO:0035196,GO:0040029,GO:0042221,GO:0043170,GO:0043226,GO:0043227,GO:0043229,GO:0043231,GO:0043233,GO:0043331,GO:0043900,GO:0044237,GO:0044238,GO:0044422,GO:0044424,GO:0044428,GO:0044446,GO:0044451,GO:0044464,GO:0046483,GO:0048519,GO:0048583,GO:0050789,GO:0050794,GO:0050896,GO:0051716,GO:0060255,GO:0065007,GO:0070013,GO:0070878,GO:0070887,GO:0070918,GO:0071229,GO:0071310,GO:0071359,GO:0071395,GO:0071407,GO:0071495,GO:0071704,GO:0080134,GO:0090304,GO:0097159,GO:1900150,GO:1901360,GO:1901363,GO:1901698,GO:1901699,GO:1901700,GO:1901701	ko:K21444	KH_1	OG0010443	4	1	RNA-binding KH domain-containing protein RCF3	Swiss-Prot	85.497	103.898		largest-intron	False
9	Guo published	g3945	g3945.t1	JAREIK010000801.1	280042	79.98014583526756	29	276217	223961	81.0815409623593	30036	89.59914768943933	True	True	3825	0.44444444444444	1	Q5S2C3.2	0.0	1750.0	68.8	Q5S2C3.2 RecName: Full=Protein PIR; AltName: Full=PIR of plants; AltName: Full=Protein KLUNKER; Short=AtSRA1; AltName: Full=Protein PIROGI [Arabidopsis thaliana]	Arabidopsis thaliana	KDP23755.1	0.0	1831.0	71.8	KDP23755.1 hypothetical protein JCGZ_23588 [Jatropha curcas]	Jatropha curcas	2711.XP_006478985.1	atsra1,klk,pir,pir121,pirp,sra1	-	KOG3534@1|root,KOG3534@2759|Eukaryota,37SAX@33090|Viridiplantae,3G9P6@35493|Streptophyta	-	ko:K05749	DUF1394,FragX_IP	OG0000084	4	1	Protein PIR	Swiss-Prot	223.961	30.036	False	repeat-heavy	
14	Guo published	g5642	g5642.t1	JAREIK010001261.1	88085	81.31690980303117	15	85904	71591	83.33837772397095	78467	88.40914014808773	True	True	2181	1.6964695093993498	1	P57750.1	7.58e-196	568.0	56.4	P57750.1 RecName: Full=Phosphoacetylglucosamine mutase; Short=PAGM; AltName: Full=Acetylglucosamine phosphomutase; AltName: Full=DNA-damage-repair/toleration protein DRT101; AltName: Full=N-acetylglucosamine-phosphate mutase [Arabidopsis thaliana]	Arabidopsis thaliana	CAK7356207.1	6.61e-239	686.0	66.0	CAK7356207.1 unnamed protein product [Dovyalis caffra]	Dovyalis caffra	3694.POPTR_0001s02980.1	Belongs to the phosphohexose mutase family	-	COG1109@1|root,KOG2537@2759|Eukaryota,37SKG@33090|Viridiplantae,3GADM@35493|Streptophyta,4JF45@91835|fabids	GO:0005575,GO:0005622,GO:0005623,GO:0005737,GO:0005739,GO:0005829,GO:0005911,GO:0006040,GO:0006047,GO:0006048,GO:0006139,GO:0006725,GO:0006793,GO:0006807,GO:0008150,GO:0008152,GO:0009058,GO:0009225,GO:0009226,GO:0009506,GO:0009987,GO:0018130,GO:0019438,GO:0030054,GO:0034641,GO:0034654,GO:0043226,GO:0043227,GO:0043229,GO:0043231,GO:0044237,GO:0044238,GO:0044249,GO:0044271,GO:0044281,GO:0044424,GO:0044444,GO:0044464,GO:0046349,GO:0046483,GO:0055044,GO:0055086,GO:0071704,GO:1901135,GO:1901137,GO:1901360,GO:1901362,GO:1901576	ko:K01836	PGM_PMM_I,PGM_PMM_III,PGM_PMM_IV	OG0004765	4	1	Phosphoacetylglucosamine mutase	Swiss-Prot	71.591	78.467		largest-intron	False
7	Guo published	g660	g660.t4	JAREIK010000088.1	286048	79.13357198791812	30	281326	225941	80.31287545409953	38425	82.6779440468445	True	True	4722	8.87335874629394	1	Q54R62.1	1.4300000000000002e-73	256.0	37.4	Q54R62.1 RecName: Full=Uridine-cytidine kinase C; AltName: Full=Cytidine monophosphokinase C; AltName: Full=Uridine monophosphokinase C [Dictyostelium discoideum]	Dictyostelium discoideum	KAJ4709753.1	0.0	1169.0	60.6	KAJ4709753.1 Uridine-cytidine kinase C [Melia azedarach]	Melia azedarach	3641.EOY00978	isoform X1	-	COG0572@1|root,KOG4203@2759|Eukaryota,37N9H@33090|Viridiplantae,3GC6S@35493|Streptophyta	GO:0003674,GO:0003824,GO:0004849,GO:0005575,GO:0005622,GO:0005623,GO:0005737,GO:0005829,GO:0006139,GO:0006206,GO:0006213,GO:0006220,GO:0006221,GO:0006222,GO:0006725,GO:0006753,GO:0006793,GO:0006796,GO:0006807,GO:0008150,GO:0008152,GO:0008655,GO:0009058,GO:0009112,GO:0009116,GO:0009117,GO:0009119,GO:0009123,GO:0009124,GO:0009129,GO:0009130,GO:0009156,GO:0009161,GO:0009163,GO:0009165,GO:0009173,GO:0009174,GO:0009218,GO:0009220,GO:0009259,GO:0009260,GO:0009987,GO:0016301,GO:0016310,GO:0016740,GO:0016772,GO:0018130,GO:0019205,GO:0019206,GO:0019438,GO:0019637,GO:0019693,GO:0034404,GO:0034641,GO:0034654,GO:0042455,GO:0043094,GO:0043097,GO:0043174,GO:0044237,GO:0044238,GO:0044249,GO:0044271,GO:0044281,GO:0044283,GO:0044424,GO:0044444,GO:0044464,GO:0046049,GO:0046131,GO:0046132,GO:0046134,GO:0046390,GO:0046483,GO:0055086,GO:0071704,GO:0072527,GO:0072528,GO:0090407,GO:1901135,GO:1901137,GO:1901293,GO:1901360,GO:1901362,GO:1901564,GO:1901566,GO:1901576,GO:1901657,GO:1901659	ko:K00876	Cytidylate_kin,PRK	OG0003726	4	1	Uridine-cytidine kinase C	Swiss-Prot	225.941	38.425	False	repeat-heavy	
4	Guo published	g7210	g7210.t1	JAREIK010001532.1	312016	81.16186349417978	20	309127	253238	81.92037576788827	53839	90.98237337246236	True	True	2889	0.0	1	Q94AN2.1	1.6400000000000002e-269	770.0	65.0	Q94AN2.1 RecName: Full=Choline transporter protein 1; Short=AtCTL1; AltName: Full=Protein SIGNIFICANT IONOME CHANGES 1 [Arabidopsis thaliana]	Arabidopsis thaliana	CAK7327602.1	3.05e-284	816.0	69.0	CAK7327602.1 unnamed protein product [Dovyalis caffra]	Dovyalis caffra	3983.cassava4.1_002774m	Belongs to the CTL (choline transporter-like) family	-	KOG1362@1|root,KOG1362@2759|Eukaryota,37JCY@33090|Viridiplantae,3GCF3@35493|Streptophyta,4JDYZ@91835|fabids	GO:0000003,GO:0000139,GO:0000325,GO:0001558,GO:0003002,GO:0003006,GO:0003674,GO:0005215,GO:0005326,GO:0005575,GO:0005618,GO:0005622,GO:0005623,GO:0005737,GO:0005768,GO:0005769,GO:0005773,GO:0005774,GO:0005794,GO:0005802,GO:0005886,GO:0005911,GO:0006810,GO:0006811,GO:0006812,GO:0006836,GO:0007275,GO:0007389,GO:0008104,GO:0008150,GO:0008324,GO:0008519,GO:0009505,GO:0009506,GO:0009524,GO:0009551,GO:0009663,GO:0009705,GO:0009790,GO:0009791,GO:0009793,GO:0009888,GO:0009987,GO:0010008,GO:0010051,GO:0010065,GO:0010067,GO:0010087,GO:0010088,GO:0010154,GO:0010496,GO:0010497,GO:0010817,GO:0012505,GO:0015031,GO:0015075,GO:0015101,GO:0015220,GO:0015695,GO:0015696,GO:0015833,GO:0015871,GO:0016020,GO:0016043,GO:0016192,GO:0022414,GO:0022603,GO:0022604,GO:0022622,GO:0022857,GO:0030054,GO:0030100,GO:0030154,GO:0030312,GO:0031090,GO:0031410,GO:0031901,GO:0031982,GO:0031984,GO:0032501,GO:0032502,GO:0032588,GO:0032879,GO:0033036,GO:0034220,GO:0034330,GO:0040008,GO:0042592,GO:0042886,GO:0043226,GO:0043227,GO:0043229,GO:0043231,GO:0044422,GO:0044424,GO:0044426,GO:0044431,GO:0044433,GO:0044437,GO:0044440,GO:0044444,GO:0044446,GO:0044462,GO:0044464,GO:0045184,GO:0045216,GO:0048316,GO:0048364,GO:0048366,GO:0048367,GO:0048507,GO:0048508,GO:0048608,GO:0048638,GO:0048731,GO:0048827,GO:0048856,GO:0048869,GO:0048878,GO:0050789,GO:0050793,GO:0050794,GO:0050801,GO:0051049,GO:0051128,GO:0051179,GO:0051234,GO:0051510,GO:0055044,GO:0055085,GO:0055088,GO:0060627,GO:0061458,GO:0065007,GO:0065008,GO:0071702,GO:0071705,GO:0071840,GO:0071944,GO:0072488,GO:0090603,GO:0097218,GO:0097708,GO:0098588,GO:0098655,GO:0098791,GO:0098805,GO:0099402,GO:2000012	ko:K15377	Choline_transpo	OG0011850	3	1	Choline transporter protein 1	Swiss-Prot	253.238	53.839	False	repeat-heavy	
11	Guo published	g7229	g7229.t1	JAREIK010001532.1	251247	79.77448486947108	21	247602	200431	80.94886147930954	35181	82.95386714419715	True	True	3645	0.0	1	Q91V83.2	2.43e-17	91.7	20.9	Q91V83.2 RecName: Full=TELO2-interacting protein 1 homolog [Mus musculus]	Mus musculus	XP_021674721.2	0.0	1168.0	49.6	XP_021674721.2 uncharacterized protein LOC110660661 isoform X4 [Hevea brasiliensis]	Hevea brasiliensis	3983.cassava4.1_000273m	ARM repeat superfamily protein	-	KOG4524@1|root,KOG4524@2759|Eukaryota,37NDH@33090|Viridiplantae,3GFHB@35493|Streptophyta,4JDP6@91835|fabids	-	ko:K20403	-	OG0006730	4	1	TELO2-interacting protein 1 homolog	Swiss-Prot	200.431	35.181	False	repeat-heavy	
5	Guo published	g7261	g7261.t1	JAREIK010001538.1	302753	80.24131883086211	27	297023	242870	81.76807856630631	47477	86.20173978979295	True	True	5730	1.09947643979057	1	Q9SVG5.1	1.4300000000000001e-156	494.0	47.7	Q9SVG5.1 RecName: Full=Berberine bridge enzyme-like 18; Short=AtBBE-like 18; Flags: Precursor [Arabidopsis thaliana]	Arabidopsis thaliana	KAA8519304.1	0.0	1090.0	53.3	KAA8519304.1 hypothetical protein F0562_013560 [Nyssa sinensis]	Nyssa sinensis	4537.OPUNC06G16210.1	Belongs to the oxygen-dependent FAD-linked oxidoreductase family	-	COG0277@1|root,2QQWK@2759|Eukaryota,37QU2@33090|Viridiplantae,3GBD9@35493|Streptophyta,3M37Z@4447|Liliopsida,3I43G@38820|Poales	-	-	BBE,FAD_binding_4	OG0002638	4	1	Berberine bridge enzyme-like 18	Swiss-Prot	242.87	47.477	False	repeat-heavy	
12	Guo published	g7326	g7326.t1	JAREIK010001546.1	159253	83.62228655033186	12	157936	133092	84.26957755040017	79771	85.19512103395971	True	True	1317	5.99848139711465	1	O04251.3	4.36e-13	75.1	34.3	O04251.3 RecName: Full=BRCT domain-containing protein At4g02110 [Arabidopsis thaliana]	Arabidopsis thaliana	CAK7335123.1	1.08e-52	196.0	59.2	CAK7335123.1 unnamed protein product [Dovyalis caffra]	Dovyalis caffra	3983.cassava4.1_031009m	twin BRCT domain	-	KOG0825@1|root,KOG2043@1|root,KOG0825@2759|Eukaryota,KOG2043@2759|Eukaryota,37QUQ@33090|Viridiplantae,3GDU6@35493|Streptophyta,4JJCW@91835|fabids	-	ko:K00432	PTCB-BRCT,zf-C3HC4,zf-RING_2	OG0010418	4	1	BRCT domain-containing protein At4g02110	Swiss-Prot	133.092	79.771		largest-intron	False
18	Guo published	g7488	g7488.t1	JAREIK010001563.1	222241	80.0968318177114	19	219706	178008	81.02100079196745	35543	84.14315055003799	True	True	2535	0.0	1	Q9SA18.1	0.0	1138.0	68.4	Q9SA18.1 RecName: Full=Bifunctional aspartokinase/homoserine dehydrogenase 1, chloroplastic; Short=AK-HD 1; Short=AK-HSDH 1; AltName: Full=Beta-aspartyl phosphate homoserine 1; Includes: RecName: Full=Aspartokinase; Includes: RecName: Full=Homoserine dehydrogenase; Flags: Precursor [Arabidopsis thaliana]	Arabidopsis thaliana	KAK8342851.1	0.0	1201.0	71.2	KAK8342851.1 hypothetical protein V6Z12_A08G259300 [Gossypium hirsutum]	Gossypium hirsutum	2711.XP_006478426.1	Bifunctional aspartokinase homoserine dehydrogenase	AKHSDH1	COG0460@1|root,2QQBK@2759|Eukaryota,37I0M@33090|Viridiplantae,3G9XD@35493|Streptophyta	GO:0003674,GO:0003824,GO:0004072,GO:0004412,GO:0005575,GO:0005622,GO:0005623,GO:0005737,GO:0006082,GO:0006520,GO:0006793,GO:0006796,GO:0006807,GO:0008150,GO:0008152,GO:0008652,GO:0009058,GO:0009069,GO:0009070,GO:0009090,GO:0009092,GO:0009507,GO:0009532,GO:0009536,GO:0009570,GO:0009987,GO:0016053,GO:0016301,GO:0016310,GO:0016491,GO:0016614,GO:0016616,GO:0016740,GO:0016772,GO:0016774,GO:0019202,GO:0019752,GO:0043226,GO:0043227,GO:0043229,GO:0043231,GO:0043436,GO:0044237,GO:0044238,GO:0044249,GO:0044281,GO:0044283,GO:0044422,GO:0044424,GO:0044434,GO:0044435,GO:0044444,GO:0044446,GO:0044464,GO:0046394,GO:0055114,GO:0071704,GO:1901564,GO:1901566,GO:1901576,GO:1901605,GO:1901607	ko:K12524	AA_kinase,ACT,ACT_7,Homoserine_dh,NAD_binding_3	OG0004422	4	1	Bifunctional aspartokinase/homoserine dehydrogenase 1, chloroplastic	Swiss-Prot	178.008	35.543	False	repeat-heavy	
2	Guo published	g7508	g7508.t3	JAREIK010001563.1	384753	70.83999345034346	68	372279	272263	73.13412789869963	24677	71.8604368440248	True	False	12474	2.37293570626903	1	G0S3B8.1	7.12e-55	218.0	25.3	G0S3B8.1 RecName: Full=Intermembrane lipid transfer protein VPS13; AltName: Full=Vacuolar protein sorting-associated protein 13 [Thermochaetoides thermophila DSM 1495]	Thermochaetoides thermophila DSM 1495	XP_037495568.1	0.0	5092.0	59.7	XP_037495568.1 uncharacterized protein LOC105636609 isoform X1 [Jatropha curcas]	Jatropha curcas	2711.XP_006477053.1	Vacuolar protein sorting-associated protein	-	COG5043@1|root,KOG1809@2759|Eukaryota,37IJB@33090|Viridiplantae,3G9S2@35493|Streptophyta	-	ko:K19525	Chorein_N,PH,Pex24p,SHR-BD,VPS13,VPS13_C,VPS13_mid_rpt,Vps62	OG0009844	4	1	Intermembrane lipid transfer protein VPS13	Swiss-Prot	272.263	24.677	False	repeat-heavy	
3	Guo published	g7602	g7602.t2	JAREIK010001563.1	107086	78.69749547092991	4	106108	84274	79.4228521883364	104518	80.6138655542586	True	True	978	0.0	1	Q8W4H1.1	6.610000000000001e-79	252.0	57.3	Q8W4H1.1 RecName: Full=GATA transcription factor 26 [Arabidopsis thaliana]	Arabidopsis thaliana	KAH8521364.1	1.02e-111	342.0	69.9	KAH8521364.1 hypothetical protein H0E87_002417 [Populus deltoides]	Populus deltoides	3694.POPTR_0001s15170.1	GATA transcription factor	-	COG5641@1|root,KOG1601@2759|Eukaryota,37RE8@33090|Viridiplantae,3GB5B@35493|Streptophyta,4JD61@91835|fabids	GO:0000976,GO:0000977,GO:0000981,GO:0001012,GO:0001067,GO:0001085,GO:0001228,GO:0003674,GO:0003676,GO:0003677,GO:0003682,GO:0003690,GO:0003700,GO:0005488,GO:0005515,GO:0005575,GO:0005622,GO:0005623,GO:0005634,GO:0005667,GO:0006139,GO:0006351,GO:0006355,GO:0006357,GO:0006366,GO:0006725,GO:0006807,GO:0008134,GO:0008150,GO:0008152,GO:0009058,GO:0009059,GO:0009889,GO:0009891,GO:0009893,GO:0009987,GO:0010467,GO:0010468,GO:0010556,GO:0010557,GO:0010604,GO:0010628,GO:0016070,GO:0018130,GO:0019219,GO:0019222,GO:0019438,GO:0030154,GO:0031323,GO:0031325,GO:0031326,GO:0031328,GO:0032502,GO:0032774,GO:0032991,GO:0034641,GO:0034645,GO:0034654,GO:0043170,GO:0043226,GO:0043227,GO:0043229,GO:0043231,GO:0043565,GO:0044212,GO:0044237,GO:0044238,GO:0044249,GO:0044260,GO:0044271,GO:0044424,GO:0044464,GO:0045893,GO:0045935,GO:0045944,GO:0046483,GO:0048518,GO:0048522,GO:0048869,GO:0050789,GO:0050794,GO:0051171,GO:0051173,GO:0051252,GO:0051254,GO:0060255,GO:0065007,GO:0071704,GO:0080090,GO:0090304,GO:0097159,GO:0097659,GO:0140110,GO:1901360,GO:1901362,GO:1901363,GO:1901576,GO:1902680,GO:1903506,GO:1903508,GO:1990837,GO:2000112,GO:2001141	-	ASXH,GATA,RPN13_C	OG0007962	4	1	GATA transcription factor 26	Swiss-Prot	84.274	104.518		largest-intron	False
3	Guo published	g7893	g7893.t3	JAREIK010001701.1	337241	75.42321366619123	32	331268	254358	76.78314838740839	37273	80.81989643978214	True	True	5973	0.0	1	B5BT18.1	0.0	2012.0	56.2	B5BT18.1 RecName: Full=TATA-binding protein-associated factor BTAF1; Short=AtBTAF1; AltName: Full=Protein BTAF1 homolog; AltName: Full=Protein ROOT GROWTH DEFECTIVE 3 [Arabidopsis thaliana]	Arabidopsis thaliana	XP_058002564.1	0.0	2263.0	62.4	XP_058002564.1 TATA-binding protein-associated factor BTAF1 isoform X1 [Hevea brasiliensis]	Hevea brasiliensis	29730.Gorai.013G197700.1	TATA-binding protein-associated factor	BTAF1	KOG0392@1|root,KOG0392@2759|Eukaryota,37KEK@33090|Viridiplantae,3GGRG@35493|Streptophyta	GO:0003674,GO:0003700,GO:0005575,GO:0005622,GO:0005623,GO:0005634,GO:0005654,GO:0006355,GO:0008150,GO:0009889,GO:0009890,GO:0009892,GO:0010468,GO:0010556,GO:0010558,GO:0010605,GO:0010629,GO:0019219,GO:0019222,GO:0031323,GO:0031324,GO:0031326,GO:0031327,GO:0031974,GO:0031981,GO:0035561,GO:0035562,GO:0043226,GO:0043227,GO:0043229,GO:0043231,GO:0043233,GO:0044092,GO:0044422,GO:0044424,GO:0044428,GO:0044446,GO:0044464,GO:0045892,GO:0045934,GO:0048509,GO:0048518,GO:0048519,GO:0048523,GO:0050789,GO:0050793,GO:0050794,GO:0051094,GO:0051098,GO:0051100,GO:0051171,GO:0051172,GO:0051252,GO:0051253,GO:0060255,GO:0065007,GO:0065009,GO:0070013,GO:0080090,GO:0140110,GO:1902183,GO:1902185,GO:1902679,GO:1903506,GO:1903507,GO:2000112,GO:2000113,GO:2001141	ko:K15192	DUF3535,HEAT,HEAT_EZ,Helicase_C,SNF2_N	OG0009703	4	1	TATA-binding protein-associated factor BTAF1	Swiss-Prot	254.358	37.273	False	repeat-heavy	
5	Guo published	g827	g827.t2	JAREIK010000111.1	224539	80.94852119230957	12	223174	181761	81.44362694579118	102135	83.13800362265629	True	True	1365	0.0	1	Q70DU8.2	2.1e-205	579.0	64.1	Q70DU8.2 RecName: Full=Aldehyde dehydrogenase family 3 member H1; Short=AtALDH4; Short=Ath-ALDH4 [Arabidopsis thaliana]	Arabidopsis thaliana	XP_021600423.1	6.52e-222	629.0	70.7	XP_021600423.1 aldehyde dehydrogenase family 3 member H1 isoform X1 [Manihot esculenta]	Manihot esculenta	3983.cassava4.1_006263m	Belongs to the aldehyde dehydrogenase family	-	COG1012@1|root,KOG2456@2759|Eukaryota,37N42@33090|Viridiplantae,3GDE5@35493|Streptophyta,4JMP1@91835|fabids	GO:0001101,GO:0003674,GO:0003824,GO:0004028,GO:0004029,GO:0005575,GO:0005622,GO:0005623,GO:0005737,GO:0005773,GO:0005783,GO:0005794,GO:0005911,GO:0006950,GO:0006970,GO:0008150,GO:0008152,GO:0009269,GO:0009414,GO:0009415,GO:0009506,GO:0009536,GO:0009628,GO:0009651,GO:0009719,GO:0009725,GO:0009737,GO:0010033,GO:0010035,GO:0012505,GO:0016020,GO:0016491,GO:0016620,GO:0016903,GO:0030054,GO:0033993,GO:0042221,GO:0043226,GO:0043227,GO:0043229,GO:0043231,GO:0044424,GO:0044444,GO:0044464,GO:0050896,GO:0055044,GO:0055114,GO:0097305,GO:1901700	ko:K00128	Aldedh	OG0007087	4	1	Aldehyde dehydrogenase family 3 member H1	Swiss-Prot	181.761	102.135		largest-intron	True
17	Guo published	g827	g827.t2	JAREIK010000111.1	224539	80.94852119230957	12	223174	181761	81.44362694579118	102135	83.13800362265629	True	True	1365	0.0	1	Q70DU8.2	2.1e-205	579.0	64.1	Q70DU8.2 RecName: Full=Aldehyde dehydrogenase family 3 member H1; Short=AtALDH4; Short=Ath-ALDH4 [Arabidopsis thaliana]	Arabidopsis thaliana	XP_021600423.1	6.52e-222	629.0	70.7	XP_021600423.1 aldehyde dehydrogenase family 3 member H1 isoform X1 [Manihot esculenta]	Manihot esculenta	3983.cassava4.1_006263m	Belongs to the aldehyde dehydrogenase family	-	COG1012@1|root,KOG2456@2759|Eukaryota,37N42@33090|Viridiplantae,3GDE5@35493|Streptophyta,4JMP1@91835|fabids	GO:0001101,GO:0003674,GO:0003824,GO:0004028,GO:0004029,GO:0005575,GO:0005622,GO:0005623,GO:0005737,GO:0005773,GO:0005783,GO:0005794,GO:0005911,GO:0006950,GO:0006970,GO:0008150,GO:0008152,GO:0009269,GO:0009414,GO:0009415,GO:0009506,GO:0009536,GO:0009628,GO:0009651,GO:0009719,GO:0009725,GO:0009737,GO:0010033,GO:0010035,GO:0012505,GO:0016020,GO:0016491,GO:0016620,GO:0016903,GO:0030054,GO:0033993,GO:0042221,GO:0043226,GO:0043227,GO:0043229,GO:0043231,GO:0044424,GO:0044444,GO:0044464,GO:0050896,GO:0055044,GO:0055114,GO:0097305,GO:1901700	ko:K00128	Aldedh	OG0007087	4	1	Aldehyde dehydrogenase family 3 member H1	Swiss-Prot	181.761	102.135	True	repeat-heavy	
11	Guo published	g8301	g8301.t1	JAREIK010001825.1	94085	65.91698995589095	8	93272	62018	66.49155159104554	80108	67.29040794926848	True	False	813	0.0	1	Q9FJN9.1	1.69e-81	247.0	65.4	Q9FJN9.1 RecName: Full=Polyadenylate-binding protein 2; Short=AtPabN2; Short=AtPabN3; Short=Poly(A)-binding protein 2; AltName: Full=Nuclear poly(A)-binding protein 2; AltName: Full=Poly(A)-binding protein II; Short=PABII [Arabidopsis thaliana]	Arabidopsis thaliana	XP_002531675.1	2.13e-93	285.0	87.0	XP_002531675.1 polyadenylate-binding protein 2 isoform X1 [Ricinus communis]	Ricinus communis	3988.XP_002531675.1	polyadenylate-binding protein	-	KOG4209@1|root,KOG4209@2759|Eukaryota,37K6H@33090|Viridiplantae,3GFBA@35493|Streptophyta,4JMIP@91835|fabids	GO:0003674,GO:0003676,GO:0003723,GO:0003727,GO:0005488,GO:0005515,GO:0005575,GO:0005622,GO:0005623,GO:0005634,GO:0005654,GO:0005737,GO:0005773,GO:0005774,GO:0008143,GO:0016020,GO:0016604,GO:0016607,GO:0031090,GO:0031974,GO:0031981,GO:0043226,GO:0043227,GO:0043229,GO:0043231,GO:0043233,GO:0043621,GO:0044422,GO:0044424,GO:0044428,GO:0044437,GO:0044444,GO:0044446,GO:0044451,GO:0044464,GO:0070013,GO:0070717,GO:0097159,GO:0098588,GO:0098805,GO:1901363	ko:K14396	RRM_1	OG0008969	4	1	Polyadenylate-binding protein 2	Swiss-Prot	62.018	80.108		largest-intron	False
12	Guo published	g8622	g8622.t3	JAREIK010001970.1	270157	74.18760202400826	19	267631	200423	74.88781195003568	45732	76.28356511851658	True	True	2526	0.0	1	Q6NXD8.2	1.08e-10	69.3	32.2	Q6NXD8.2 RecName: Full=DENN domain-containing protein 5B; AltName: Full=Rab6IP1-like protein [Danio rerio]	Danio rerio	XP_059433386.1	3.06e-313	890.0	60.5	XP_059433386.1 uncharacterized protein LOC132166562 isoform X1 [Corylus avellana]	Corylus avellana	2711.XP_006479424.1	DENN (AEX-3) domain-containing protein	-	28JXY@1|root,2QSCA@2759|Eukaryota,37KGY@33090|Viridiplantae,3GASI@35493|Streptophyta	-	-	DENN,dDENN,uDENN	OG0004749	4	1	DENN domain-containing protein 5B	Swiss-Prot	200.423	45.732	False	repeat-heavy	
19	Guo published	g8771	g8771.t2	JAREIK010002034.1	228916	77.1379021125653	16	227161	176581	77.73385396260801	48167	89.5177196005564	True	True	1755	0.0	1	Q9M8Z7.1	3.38e-278	775.0	76.2	Q9M8Z7.1 RecName: Full=Sterol 3-beta-glucosyltransferase UGT80A2; AltName: Full=UDP-glucose:sterol glucosyltransferase 80A2 [Arabidopsis thaliana]	Arabidopsis thaliana	XP_012085157.1	2.83e-306	852.0	77.9	XP_012085157.1 sterol 3-beta-glucosyltransferase UGT80A2 isoform X2 [Jatropha curcas]	Jatropha curcas	3988.XP_002521125.1	Sterol 3-beta-glucosyltransferase	-	KOG1192@1|root,KOG1192@2759|Eukaryota,37Q15@33090|Viridiplantae,3GF7S@35493|Streptophyta,4JMKE@91835|fabids	-	ko:K05841	Glyco_transf_28,UDPGT	OG0002896	4	1	Sterol 3-beta-glucosyltransferase UGT80A2	Swiss-Prot	176.581	48.167	False	repeat-heavy	
15	Guo published	g9604	g9604.t2	JAREIK010002205.1	267860	72.77719704323154	28	263831	194941	73.88858777020137	36557	76.08392373553629	True	True	4029	0.0	1	Q80X82.2	2.03e-69	259.0	24.3	Q80X82.2 RecName: Full=Symplekin [Mus musculus]	Mus musculus	XP_015575361.2	0.0	1400.0	61.2	XP_015575361.2 uncharacterized protein LOC8288069 isoform X1 [Ricinus communis]	Ricinus communis	3988.XP_002510000.1	isoform X1	-	KOG1895@1|root,KOG1895@2759|Eukaryota,37IV3@33090|Viridiplantae,3G7G3@35493|Streptophyta,4JE26@91835|fabids	-	ko:K06100	DUF3453,Symplekin_C	OG0002504	4	1	Symplekin	Swiss-Prot	194.941	36.557	False	repeat-heavy	
