rank	gene_id	transcript_id	functional_label	intronic_repeat_kb	intron_repeat_pct	longest_intron_kb	longest_intron_repeat_pct	orthogroup	fixed_extreme_members	min1250_extreme_members	flyehypo_extreme_members	alternative_representations_present_n	alternative_extreme_support_n
1	g1117	g1117.t5	Molybdenum cofactor sulfurase	272.373	82.09396531457402	45.179	92.2707452577525	OG0006116	g1143.t3	g8353.t4	g15967.t3	3	3
2	g7508	g7508.t3	Intermembrane lipid transfer protein VPS13	272.263	73.13412789869963	24.677	71.8604368440248	OG0009844	g7690.t3	g1854.t3	g7569.t3	3	3
3	g7893	g7893.t3	TATA-binding protein-associated factor BTAF1	254.358	76.78314838740839	37.273	80.81989643978214	OG0009703	g8062.t1	g1047.t2	g7189.t2	3	3
4	g7210	g7210.t1	Choline transporter protein 1	253.238	81.92037576788827	53.839	90.98237337246236	OG0011850				2	0
5	g7261	g7261.t1	Berberine bridge enzyme-like 18	242.87	81.76807856630631	47.477	86.20173978979295	OG0002638	g7418.t2	g12831.t1	g16144.t1	3	3
6	g10916	g10916.t1	Transcription factor IIIC subunit delta N-term	241.788	80.50395714233393	59.654	79.74318570422771	OG0004001	g11163.t1	g10265.t1	g1168.t1	3	3
7	g660	g660.t4	Uridine-cytidine kinase C	225.941	80.31287545409953	38.425	82.6779440468445	OG0003726		g2910.t2	g11084.t2	3	2
8	g11920	g11920.t1	DNA mismatch repair protein MSH1, mitochondrial	224.94	77.30481342232058	45.712	67.49868743437172	OG0006168	g12186.t1	g437.t2	g16107.t1	3	3
9	g3945	g3945.t1	Protein PIR	223.961	81.0815409623593	30.036	89.59914768943933	OG0000084	g4065.t2		g9263.t3	3	2
10	g2379	g2379.t1	DExH-box ATP-dependent RNA helicase DExH14	223.139	75.19528485640919	29.834	71.85090835958972	OG0003975	g2450.t1	g10751.t1	g11528.t1	3	3
11	g7229	g7229.t1	TELO2-interacting protein 1 homolog	200.431	80.94886147930954	35.181	82.95386714419715	OG0006730	g7389.t1			3	1
12	g8622	g8622.t3	DENN domain-containing protein 5B	200.423	74.88781195003568	45.732	76.28356511851658	OG0004749	g8813.t4	g10510.t5		3	2
13	g29049	g29049.t2	CSC1-like protein RXW8	200.371	75.01216690750904	106.933	71.70658262650444	OG0009278	g29143.t1			3	1
14	g2920	g2920.t1	Spatacsin	200.328	79.01456615115193	30.9	86.27831715210355	OG0009204	g3012.t1	g5350.t1		3	2
15	g9604	g9604.t2	Symplekin	194.941	73.88858777020137	36.557	76.08392373553629	OG0002504	g9821.t1	g3514.t2	g19356.t1	3	3
16	g11077	g11077.t1	Calcium-transporting ATPase 3, endoplasmic reticulum-type	188.498	76.85827754083522	21.882	91.41303354355178	OG0005176	g11319.t1	g3320.t1	g14161.t1	3	3
17	g827	g827.t2	Aldehyde dehydrogenase family 3 member H1	181.761	81.44362694579118	102.135	83.13800362265629	OG0007087	g834.t2			3	1
18	g7488	g7488.t1	Bifunctional aspartokinase/homoserine dehydrogenase 1, chloroplastic	178.008	81.02100079196745	35.543	84.14315055003799	OG0004422			g12521.t1	3	1
19	g8771	g8771.t2	Sterol 3-beta-glucosyltransferase UGT80A2	176.581	77.73385396260801	48.167	89.5177196005564	OG0002896			g5564.t2	3	1
20	g15028	g15028.t1	Protein furry homolog-like	176.381	78.6990063403251	42.012	81.65524135961154	OG0004396				3	0
