rank	gene_id	transcript_id	functional_label	label_source	orthogroup	orthogroup_representations	PFAMs	longest_intron_kb	longest_intron_repeat_pct	intronic_repeat_kb	intron_repeat_pct	cds_repeat_pct	also_top20_repeat_heavy
1	g15453	g15453.t1	Mediator of RNA polymerase II transcription subunit 32	Swiss-Prot	OG0005631	4	-	115.994	74.94180733486215	97.97	72.73685695406523	4.24528301886792	False
2	g29049	g29049.t2	CSC1-like protein RXW8	Swiss-Prot	OG0009278	4	PHM7_cyt,RSN1_7TM,RSN1_TM	106.933	71.70658262650444	200.371	75.01216690750904	0.0	True
3	g7602	g7602.t2	GATA transcription factor 26	Swiss-Prot	OG0007962	4	ASXH,GATA,RPN13_C	104.518	80.6138655542586	84.274	79.4228521883364	0.0	False
4	g3944	g3944.t1	RNA-binding KH domain-containing protein RCF3	Swiss-Prot	OG0010443	4	KH_1	103.898	80.57517950297407	85.497	80.08786556007269	0.0	False
5	g827	g827.t2	Aldehyde dehydrogenase family 3 member H1	Swiss-Prot	OG0007087	4	Aldedh	102.135	83.13800362265629	181.761	81.44362694579118	0.0	True
6	g15317	g15317.t1	Type 2 DNA topoisomerase 6 subunit B-like	Swiss-Prot	OG0005109	4	-	97.713	87.7877048089814	157.478	87.50625131972305	0.0	False
7	g11307	g11307.t1	DEAD-box ATP-dependent RNA helicase 38	Swiss-Prot	OG0004353	4	DEAD,Helicase_C	93.492	91.98327129593976	86.179	88.84982576241829	0.0	False
8	g14875	g14875.t1	Chaperone protein dnaJ 16	Swiss-Prot	OG0004508	4	DnaJ	90.539	85.81053468670959	96.33	83.95795565472041	1.72143974960876	False
9	g14761	g14761.t2	SPOC domain	eggNOG	OG0002338	4	SPOC	86.29	78.91412678178236	74.135	77.96708208445075	10.30595813204508	False
10	g3627	g3627.t1	CAAX prenyl protease 2	Swiss-Prot	OG0005635	4	Abi	83.117	82.94813335418748	101.092	78.5137895415395	0.0	False
11	g8301	g8301.t1	Polyadenylate-binding protein 2	Swiss-Prot	OG0008969	4	RRM_1	80.108	67.29040794926848	62.018	66.49155159104554	0.0	False
12	g7326	g7326.t1	BRCT domain-containing protein At4g02110	Swiss-Prot	OG0010418	4	PTCB-BRCT,zf-C3HC4,zf-RING_2	79.771	85.19512103395971	133.092	84.26957755040017	5.99848139711465	False
13	g14398	g14398.t1	Squamosa promoter-binding-like protein 9	Swiss-Prot	OG0008477	4	SBP	79.704	78.32103784000803	62.425	78.12891113892366	0.0	False
14	g5642	g5642.t1	Phosphoacetylglucosamine mutase	Swiss-Prot	OG0004765	4	PGM_PMM_I,PGM_PMM_III,PGM_PMM_IV	78.467	88.40914014808773	71.591	83.33837772397095	1.6964695093993498	False
15	g17642	g17642.t1	Bet1-like SNARE 1-1	Swiss-Prot	OG0004568	4	-	76.701	80.44354050142762	61.939	80.01110924521721	0.0	False
16	g15911	g15911.t2	Cytoplasmic tRNA 2-thiolation protein 2	Swiss-Prot	OG0002418	4	CTU2	76.614	80.22815673375622	82.564	79.59433534816014	53.88409371146733	False
17	g10119	g10119.t1	Choline/ethanolaminephosphotransferase 1	Swiss-Prot	OG0001739	4	CDP-OH_P_transf	75.151	76.79338930952349	85.339	72.60483754328351	0.0	False
18	g1173	g1173.t2	B-type cell cycle switch protein ccs52A	Swiss-Prot	OG0008341	4	ANAPC4_WD40,WD40	74.852	81.993801100839	119.685	86.02386257457054	0.0	False
19	g3291	g3291.t1	DNA oxidative demethylase ALKBH2	Swiss-Prot	OG0007184	4	2OG-FeII_Oxy_2,DUF4057	74.765	78.36822042399518	75.349	78.58759478092179	2.5	False
20	g15364	g15364.t1	unnamed protein product	NR	OG0007215	4	-	74.578	80.49558851135724	84.28	81.23060315746862	0.0	False
