rank	gene_id	transcript_id	functional_label	longest_intron_kb	longest_intron_repeat_pct	intronic_repeat_kb	intron_repeat_pct	cds_repeat_pct	orthogroup	fixed_extreme_members	min1250_extreme_members	flyehypo_extreme_members	alternative_representations_present_n	alternative_extreme_support_n
1	g15453	g15453.t1	Mediator of RNA polymerase II transcription subunit 32	115.994	74.94180733486215	97.97	72.73685695406523	4.24528301886792	OG0005631	g15789.t1	g9455.t1		3	2
2	g29049	g29049.t2	CSC1-like protein RXW8	106.933	71.70658262650444	200.371	75.01216690750904	0.0	OG0009278	g29143.t1	g9349.t2		3	2
3	g7602	g7602.t2	GATA transcription factor 26	104.518	80.6138655542586	84.274	79.4228521883364	0.0	OG0007962	g7781.t2	g1943.t2	g2940.t2	3	3
4	g3944	g3944.t1	RNA-binding KH domain-containing protein RCF3	103.898	80.57517950297407	85.497	80.08786556007269	0.0	OG0010443	g4064.t1	g5803.t1	g9264.t1	3	3
5	g827	g827.t2	Aldehyde dehydrogenase family 3 member H1	102.135	83.13800362265629	181.761	81.44362694579118	0.0	OG0007087	g834.t2	g7855.t1	g18361.t1	3	3
6	g15317	g15317.t1	Type 2 DNA topoisomerase 6 subunit B-like	97.713	87.7877048089814	157.478	87.50625131972305	0.0	OG0005109	g15645.t1	g7636.t1	g14034.t1	3	3
7	g11307	g11307.t1	DEAD-box ATP-dependent RNA helicase 38	93.492	91.98327129593976	86.179	88.84982576241829	0.0	OG0004353	g11563.t2	g10793.t1	g12335.t1	3	3
8	g14875	g14875.t1	Chaperone protein dnaJ 16	90.539	85.81053468670959	96.33	83.95795565472041	1.72143974960876	OG0004508	g15178.t1	g12490.t1		3	2
9	g14761	g14761.t2	SPOC domain	86.29	78.91412678178236	74.135	77.96708208445075	10.30595813204508	OG0002338		g8893.t1		3	1
10	g3627	g3627.t1	CAAX prenyl protease 2	83.117	82.94813335418748	101.092	78.5137895415395	0.0	OG0005635	g3766.t1	g9451.t1	g15003.t1	3	3
11	g8301	g8301.t1	Polyadenylate-binding protein 2	80.108	67.29040794926848	62.018	66.49155159104554	0.0	OG0008969	g8459.t1	g7057.t1	g5419.t1	3	3
12	g7326	g7326.t1	BRCT domain-containing protein At4g02110	79.771	85.19512103395971	133.092	84.26957755040017	5.99848139711465	OG0010418	g7486.t1			3	1
13	g14398	g14398.t1	Squamosa promoter-binding-like protein 9	79.704	78.32103784000803	62.425	78.12891113892366	0.0	OG0008477	g14710.t1		g4215.t1	3	2
14	g5642	g5642.t1	Phosphoacetylglucosamine mutase	78.467	88.40914014808773	71.591	83.33837772397095	1.6964695093993498	OG0004765	g5782.t2	g1102.t2	g13289.t1	3	3
15	g17642	g17642.t1	Bet1-like SNARE 1-1	76.701	80.44354050142762	61.939	80.01110924521721	0.0	OG0004568	g18056.t1		g12812.t1	3	2
16	g15911	g15911.t2	Cytoplasmic tRNA 2-thiolation protein 2	76.614	80.22815673375622	82.564	79.59433534816014	53.88409371146733	OG0002418			g11572.t1	3	1
17	g10119	g10119.t1	Choline/ethanolaminephosphotransferase 1	75.151	76.79338930952349	85.339	72.60483754328351	0.0	OG0001739			g11587.t1	3	1
18	g1173	g1173.t2	B-type cell cycle switch protein ccs52A	74.852	81.993801100839	119.685	86.02386257457054	0.0	OG0008341			g3872.t2	3	1
19	g3291	g3291.t1	DNA oxidative demethylase ALKBH2	74.765	78.36822042399518	75.349	78.58759478092179	2.5	OG0007184			g18622.t1	3	1
20	g15364	g15364.t1	unnamed protein product	74.578	80.49558851135724	84.28	81.23060315746862	0.0	OG0007215				3	0
