source_filename	recommended_zenodo_filename	size_bytes	sha256
RepeatMasker repeat annotation on Guo.gff.gz	Guo_RepeatMasker.gff3.gz	81293187	bbdc35ff845eff4c4aa5da355097b6dcc60c046b46c228f08e7664ba76ead8b5
RepeatMasker repeat statistics on Guo.txt	Guo_RepeatMasker_summary.txt	2487	bab9fc4ebc00d85f4646aedfbe752f9ceb0db92a53d5783bdce9846f9deca9ea
RepeatMasker repeat annotation on Cai fixed mapped.gff.gz	Cai_fixed_on_Guo_RepeatMasker.gff3.gz	89007648	e3eae7e93736883311edffd471c7b4c6055315d509f402872a918806cbc9afb3
RepeatMasker repeat statistics on Cai fixed mapped.txt	Cai_fixed_on_Guo_RepeatMasker_summary.txt	2487	1861aceb5e512a79721ad08075f6a0fb332c64698c0703ecd2442ac36127fd37
RepeatMasker repeat annotation on Cai.gff.gz	Cai_published_RepeatMasker.gff3.gz	49559662	0ebf59039eb44cf5194a135c09513d1e256b8aefa418fe92dcae7e146be2e535
RepeatMasker repeat statistics on Cai.txt	Cai_published_RepeatMasker_summary.txt	2487	52504eadd7245ca8716851fe538dbc8b1eb1e357f75dd65612b5d749782de9d5
RepeatMasker repeat annotation on Cai_minlen1250.gff.gz	Cai_min1250_RepeatMasker.gff3.gz	45988479	a7e40dde045cc3f17a37467f135cdde15304b170f4db4c15f118c27d513935ca
RepeatMasker repeat statistics on Cai_minlen1250.txt	Cai_min1250_RepeatMasker_summary.txt	2487	0a7684a775715e80a7b1fc09f0b77dc06ac23be63d4dd2098d1074a0d5456b7d
RepeatMasker repeat annotation on Cai-ReAssembly.gff.gz	Cai_Flye_HyPo_RepeatMasker.gff3.gz	37728368	0fafc3ddc037a152b77fba384594f32f678ca97ddf789c9f68882c4d7b7ae7df
RepeatMasker repeat statistics on Cai-ReAssembly.txt	Cai_Flye_HyPo_RepeatMasker_summary.txt	2485	6e9624e7b0883c5f956424cbfd0bc77cffc8cbad554522a0019af14b1186b0fa
